"","Income","Limit","Rating","Cards","Age","Education","GenderFemale","StudentYes","MarriedYes","EthnicityAsian","EthnicityCaucasian","Balance"
"1",-0.860505332538876,-0.489385912830843,-0.464956527113024,-0.698255345561197,-1.25610102760555,-0.783948131463587,-1.03433916727221,-0.33291640592397,0.794400043159256,-0.584316844269138,1.00375551088307,-0.406767567081933
"2",1.72527646449702,0.827225090261341,0.827666567446399,0.0309930571136823,1.52653883971031,0.495967185211658,0.964383861273123,2.99624765331573,0.794400043159256,1.70712176070787,-0.993767893859362,0.833012735229121
"3",1.68464575001773,1.01351753229149,1.02802314710311,0.760241459788561,0.888850536783761,-0.783948131463587,-1.03433916727221,-0.33291640592397,-1.2556645843485,1.70712176070787,-0.993767893859362,0.130470563919524
"4",2.94246712123372,2.06585321064323,2.10736343106023,0.0309930571136823,-1.14015769980072,-0.783948131463587,0.964383861273123,-0.33291640592397,-1.2556645843485,1.70712176070787,-0.993767893859362,0.965690978108023
"5",0.302548869430733,0.0699246514968996,0.0133140178739621,-0.698255345561197,0.714935545076519,0.815946014380469,-1.03433916727221,-0.33291640592397,0.794400043159256,-0.584316844269138,1.00375551088307,-0.411117673405831
"6",0.991965838996188,1.4346250989271,1.38349449810695,0.760241459788561,1.23668052019824,-1.1039269606324,-1.03433916727221,-0.33291640592397,-1.2556645843485,-0.584316844269138,1.00375551088307,1.37242591939253
"7",-0.68728570132655,-0.583831848557758,-0.620071298460155,-0.698255345561197,-1.08218603589831,-0.463969302294776,0.964383861273123,-0.33291640592397,-1.2556645843485,-0.584316844269138,-0.993767893859362,-0.689524478135331
"8",0.743074339406585,1.03041382354539,1.01509691615751,-0.698255345561197,1.81639715922238,-1.42390578980121,-1.03433916727221,-0.33291640592397,-1.2556645843485,1.70712176070787,-0.993767893859362,0.765586087208695
"9",-0.853865956010836,-0.621956813438348,-0.574829490150575,1.48948986246344,0.598992217271692,-0.143990473125965,0.964383861273123,-0.33291640592397,-1.2556645843485,-0.584316844269138,1.00375551088307,-0.52422043782719
"10",0.733228768230389,0.902608543547961,0.879371491228775,0.0309930571136823,-0.850299380288655,1.7758825018869,0.964383861273123,2.99624765331573,0.794400043159256,-0.584316844269138,-0.993767893859362,1.80526149862042
"11",0.507206232237368,1.46495177553666,1.51275680756289,0.760241459788561,-1.48798768321521,0.175988356042846,-1.03433916727221,-0.33291640592397,0.794400043159256,-0.584316844269138,1.00375551088307,1.92923952885153
"12",-0.856135828328115,-1.48366766738713,-1.40210827066861,0.0309930571136823,0.483048889466864,0.815946014380469,-1.03433916727221,-0.33291640592397,-1.2556645843485,-0.584316844269138,1.00375551088307,-1.13106027001102
"13",1.00433664312536,0.247985567018745,0.252449290367455,-1.42750374823608,0.0772472421499667,-2.06386344813883,0.964383861273123,-0.33291640592397,0.794400043159256,1.70712176070787,-0.993767893859362,-0.687349424973382
"14",-0.0436066589542597,0.947232081987742,1.00863380068472,-1.42750374823608,-0.386526069069344,-1.42390578980121,-1.03433916727221,-0.33291640592397,0.794400043159256,-0.584316844269138,1.00375551088307,1.22017219805608
"15",-0.73983324547155,-0.625855957573863,-0.555440143732184,-0.698255345561197,1.12073719239342,-0.143990473125965,0.964383861273123,-0.33291640592397,-1.2556645843485,-0.584316844269138,-0.993767893859362,-0.809152402042538
"16",-0.713020378723697,-0.957716447329905,-1.00139511135518,0.0309930571136823,0.0772472421499667,0.495967185211658,0.964383861273123,-0.33291640592397,0.794400043159256,-0.584316844269138,-0.993767893859362,-1.13106027001102
"17",0.237744014772428,-0.442596183204664,-0.445567180694633,0.0309930571136823,1.00479386458859,1.13592484354928,0.964383861273123,-0.33291640592397,0.794400043159256,-0.584316844269138,-0.993767893859362,-1.13106027001102
"18",-0.247497939853814,-0.154925993651124,-0.103022060636386,0.0309930571136823,0.772907208978933,0.495967185211658,0.964383861273123,-0.33291640592397,0.794400043159256,1.70712176070787,-0.993767893859362,-0.33064070641371
"19",0.123455943597448,0.71414991033141,0.601457525898499,-1.42750374823608,-1.60393101102004,-1.42390578980121,0.964383861273123,-0.33291640592397,0.794400043159256,1.70712176070787,-0.993767893859362,0.80691209728573
"20",-0.0890892255117305,0.818993563753031,0.80181410555521,-0.698255345561197,-0.676384388581414,-1.42390578980121,-1.03433916727221,-0.33291640592397,-1.2556645843485,1.70712176070787,-0.993767893859362,1.14839544371176
"21",-0.78080444079843,-0.812581637841296,-0.775186069807286,0.760241459788561,0.42507722556445,0.815946014380469,0.964383861273123,-0.33291640592397,-1.2556645843485,1.70712176070787,-0.993767893859362,-0.937480538597541
"22",-0.223323799674796,0.711550480907733,0.666088680626471,-1.42750374823608,0.946822200686175,1.13592484354928,0.964383861273123,-0.33291640592397,-1.2556645843485,-0.584316844269138,1.00375551088307,0.97439119075582
"23",-0.712623151068173,-0.911793194178285,-0.917374610208822,0.0309930571136823,0.309133897759622,-1.1039269606324,-1.03433916727221,-0.33291640592397,0.794400043159256,-0.584316844269138,-0.993767893859362,-1.13106027001102
"24",0.533650244733664,0.192097834409698,0.278301752258644,1.48948986246344,-0.444497732971758,-1.74388461897002,-1.03433916727221,-0.33291640592397,0.794400043159256,-0.584316844269138,-0.993767893859362,-0.237113420449894
"25",-0.978226585593739,-1.29044341356051,-1.28577219215826,0.0309930571136823,0.0772472421499667,0.495967185211658,0.964383861273123,-0.33291640592397,-1.2556645843485,-0.584316844269138,1.00375551088307,-1.13106027001102
"26",-0.883232429115628,-0.178754096701492,-0.187042561782748,1.48948986246344,-1.77784600272728,0.815946014380469,0.964383861273123,-0.33291640592397,0.794400043159256,-0.584316844269138,-0.993767893859362,0.328400401656902
"27",-0.0779668511570653,-0.481154386322533,-0.426177834276242,2.21873826513832,-0.676384388581414,-0.463969302294776,0.964383861273123,2.99624765331573,-1.2556645843485,-0.584316844269138,1.00375551088307,0.291424497903766
"28",-0.352564654739849,-0.0873408286355329,-0.141800753473169,-0.698255345561197,-0.676384388581414,0.815946014380469,-1.03433916727221,-0.33291640592397,-1.2556645843485,-0.584316844269138,-0.993767893859362,-0.115310443380738
"29",4.01242818479094,3.75981471840579,3.83947837776985,-0.698255345561197,-0.850299380288655,0.175988356042846,0.964383861273123,-0.33291640592397,0.794400043159256,-0.584316844269138,-0.993767893859362,2.80361089995511
"30",-0.522237610456427,0.379256752914412,0.362322253405006,0.760241459788561,-0.0386960856548611,0.815946014380469,0.964383861273123,-0.33291640592397,-1.2556645843485,-0.584316844269138,1.00375551088307,0.859113373172511
"31",-0.314288932789737,0.40308485596478,0.3752484843506,0.760241459788561,-0.502469396874172,-2.70382110647645,0.964383861273123,-0.33291640592397,0.794400043159256,-0.584316844269138,1.00375551088307,0.746010608751152
"32",-0.461859006816815,-0.867602893975784,-0.936763956627214,1.48948986246344,-0.734356052483828,0.815946014380469,-1.03433916727221,-0.33291640592397,0.794400043159256,1.70712176070787,-0.993767893859362,-1.13106027001102
"33",2.52415802656324,1.3440783073357,1.34471580527017,-0.698255345561197,-0.444497732971758,-0.143990473125965,0.964383861273123,-0.33291640592397,-1.2556645843485,-0.584316844269138,1.00375551088307,0.0130176931742661
"34",-0.39302512879534,-1.25925026047639,-1.24699349932148,0.760241459788561,-1.48798768321521,-1.1039269606324,-1.03433916727221,-0.33291640592397,0.794400043159256,-0.584316844269138,1.00375551088307,-1.13106027001102
"35",-0.711289601081772,-0.905294620619094,-1.00785822682798,-0.698255345561197,-1.77784600272728,0.175988356042846,0.964383861273123,-0.33291640592397,0.794400043159256,1.70712176070787,-0.993767893859362,-1.13106027001102
"36",-0.620494708390626,-0.943419585499684,-0.872132801899243,0.0309930571136823,-0.386526069069344,-0.463969302294776,0.964383861273123,2.99624765331573,-1.2556645843485,-0.584316844269138,1.00375551088307,-0.2197129951543
"37",0.487855570732568,0.745776301652808,0.646699334208079,-0.698255345561197,0.888850536783761,-0.783948131463587,0.964383861273123,-0.33291640592397,0.794400043159256,-0.584316844269138,1.00375551088307,0.526330239394281
"38",-0.431612958189077,0.756174019347514,0.691941142517659,-0.698255345561197,0.772907208978933,-1.42390578980121,0.964383861273123,-0.33291640592397,0.794400043159256,-0.584316844269138,1.00375551088307,1.24627283599947
"39",-0.948349391217559,-0.36244710930797,-0.355083564075473,0.760241459788561,-1.77784600272728,-1.1039269606324,0.964383861273123,-0.33291640592397,-1.2556645843485,-0.584316844269138,1.00375551088307,0.0238929589840122
"40",-0.895801847072559,-0.55220545723636,-0.58775572109617,0.760241459788561,-0.502469396874172,0.175988356042846,-1.03433916727221,-0.33291640592397,0.794400043159256,-0.584316844269138,1.00375551088307,-0.382841982300491
"41",-0.291363222385223,-0.610259381031803,-0.658849991296938,0.0309930571136823,-0.096667749557275,0.175988356042846,0.964383861273123,-0.33291640592397,-1.2556645843485,-0.584316844269138,-0.993767893859362,-1.02230761191356
"42",1.94187903037333,1.26652866286268,1.18313791845024,-0.698255345561197,0.598992217271692,0.495967185211658,-1.03433916727221,2.99624765331573,0.794400043159256,-0.584316844269138,-0.993767893859362,1.38112613204032
"43",-0.0301009186664518,0.0118707277014562,-0.0254646749628206,-0.698255345561197,0.598992217271692,-0.143990473125965,0.964383861273123,-0.33291640592397,0.794400043159256,1.70712176070787,-0.993767893859362,-0.293664802660573
"44",-0.235212255936543,0.659128654196922,0.582068179480108,-1.42750374823608,-1.83581766662969,0.175988356042846,0.964383861273123,-0.33291640592397,0.794400043159256,1.70712176070787,-0.993767893859362,0.991791616051413
"45",-0.379008667236145,0.710250766195895,0.737182950827239,0.0309930571136823,-1.77784600272728,0.815946014380469,0.964383861273123,-0.33291640592397,0.794400043159256,-0.584316844269138,1.00375551088307,1.3049992713721
"46",0.912520307891435,1.22753722150753,1.35117892074296,0.0309930571136823,-0.32855440516693,-0.463969302294776,0.964383861273123,-0.33291640592397,0.794400043159256,-0.584316844269138,1.00375551088307,1.03746773245235
"47",-0.728852738136715,0.133177434139696,0.136113211857107,-0.698255345561197,0.483048889466864,0.815946014380469,0.964383861273123,2.99624765331573,0.794400043159256,1.70712176070787,-0.993767893859362,1.56818070396796
"48",-0.0162546975310522,-0.131964367075314,-0.225821254619531,-0.698255345561197,-0.386526069069344,0.495967185211658,-1.03433916727221,2.99624765331573,0.794400043159256,-0.584316844269138,1.00375551088307,0.602457100062504
"49",-0.0197729996228341,-1.07599048610719,-0.969079533991199,2.21873826513832,0.946822200686175,0.495967185211658,-1.03433916727221,-0.33291640592397,0.794400043159256,1.70712176070787,-0.993767893859362,-1.13106027001102
"50",-0.0493664599593543,-0.0721774903307529,-0.00607532854442927,0.760241459788561,-0.386526069069344,-0.143990473125965,-1.03433916727221,2.99624765331573,0.794400043159256,-0.584316844269138,-0.993767893859362,0.830837682067171
"51",-0.251299975985255,0.193830787358816,0.136113211857107,0.0309930571136823,-0.386526069069344,0.495967185211658,-1.03433916727221,-0.33291640592397,0.794400043159256,-0.584316844269138,-0.993767893859362,0.291424497903766
"52",-0.156447686526974,-0.33212043269841,-0.348620448602676,-0.698255345561197,-1.66190267492245,2.09586133105571,-1.03433916727221,-0.33291640592397,0.794400043159256,-0.584316844269138,-0.993767893859362,-0.672124052839737
"53",-0.0287673686800507,0.305606252576909,0.252449290367455,-1.42750374823608,-1.37204435541038,-0.463969302294776,-1.03433916727221,-0.33291640592397,0.794400043159256,-0.584316844269138,1.00375551088307,0.189196999292153
"54",-0.820413712734942,0.316437208508894,0.3752484843506,0.760241459788561,0.598992217271692,-1.1039269606324,-1.03433916727221,-0.33291640592397,0.794400043159256,1.70712176070787,-0.993767893859362,0.950465605974378
"55",-0.847964287985912,-1.4022188787786,-1.40210827066861,-0.698255345561197,-0.502469396874172,-1.42390578980121,0.964383861273123,-0.33291640592397,0.794400043159256,1.70712176070787,-0.993767893859362,-1.13106027001102
"56",-0.349074726052033,-1.2778795046794,-1.29869842310385,-0.698255345561197,0.251162233857208,-1.74388461897002,0.964383861273123,-0.33291640592397,0.794400043159256,1.70712176070787,-0.993767893859362,-1.13106027001102
"57",0.3371076754613,0.00277272471858818,0.110260749965919,2.9479866678132,1.35262384800307,1.45590367271809,0.964383861273123,-0.33291640592397,0.794400043159256,1.70712176070787,-0.993767893859362,-0.306715121632269
"58",0.881110949701092,0.018802539497927,0.0779451726019332,0.760241459788561,0.541020553369278,0.175988356042846,0.964383861273123,-0.33291640592397,0.794400043159256,-0.584316844269138,1.00375551088307,-0.841778199471776
"59",-0.989235466332541,-0.543973930728051,-0.477882758058619,-0.698255345561197,0.830878872881347,1.13592484354928,-1.03433916727221,-0.33291640592397,0.794400043159256,-0.584316844269138,1.00375551088307,-0.406767567081933
"60",0.188771519527141,0.241920231696833,0.226596828476267,0.760241459788561,1.4685671758079,1.13592484354928,0.964383861273123,-0.33291640592397,-1.2556645843485,-0.584316844269138,1.00375551088307,0.0238929589840122
"61",-0.275474116164273,0.200329360918008,0.0585558261835419,-0.698255345561197,-1.19812936370314,2.09586133105571,0.964383861273123,-0.33291640592397,-1.2556645843485,1.70712176070787,-0.993767893859362,0.241398275178934
"62",-0.680419337566782,-0.713370081504307,-0.652386875824141,0.0309930571136823,0.193190569954794,-1.1039269606324,0.964383861273123,-0.33291640592397,-1.2556645843485,-0.584316844269138,1.00375551088307,-0.896154528520506
"63",-0.412460910512039,-1.32770190196654,-1.25991973026707,-0.698255345561197,1.23668052019824,-2.06386344813883,0.964383861273123,-0.33291640592397,-1.2556645843485,-0.584316844269138,1.00375551088307,-1.13106027001102
"64",-0.882040746149057,-0.752794761096735,-0.671776222242532,0.760241459788561,1.12073719239342,1.13592484354928,-1.03433916727221,-0.33291640592397,-1.2556645843485,-0.584316844269138,1.00375551088307,-0.841778199471776
"65",-0.370411525834452,-0.77922229357078,-0.852743455480851,-0.698255345561197,1.35262384800307,0.495967185211658,0.964383861273123,-0.33291640592397,0.794400043159256,-0.584316844269138,-0.993767893859362,-1.13106027001102
"66",-0.942532843404533,-0.249371929378039,-0.225821254619531,0.760241459788561,-1.60393101102004,0.175988356042846,0.964383861273123,-0.33291640592397,0.794400043159256,-0.584316844269138,1.00375551088307,0.178321733482407
"67",1.94670250904755,2.15250085809911,2.19138393220659,0.760241459788561,-1.0242143719959,-0.143990473125965,0.964383861273123,-0.33291640592397,0.794400043159256,1.70712176070787,-0.993767893859362,1.88791351877449
"68",-0.965600420828877,0.157438775427344,0.161965673748296,0.760241459788561,0.772907208978933,0.815946014380469,0.964383861273123,-0.33291640592397,-1.2556645843485,-0.584316844269138,-0.993767893859362,0.802561990961832
"69",-0.4928995107556,0.382722658812647,0.407564061714586,-0.698255345561197,1.29465218410066,0.495967185211658,0.964383861273123,-0.33291640592397,0.794400043159256,-0.584316844269138,1.00375551088307,0.656833429111234
"70",0.121526552127761,0.902608543547961,0.969855107847935,0.760241459788561,-0.0386960856548611,0.175988356042846,-1.03433916727221,-0.33291640592397,0.794400043159256,-0.584316844269138,1.00375551088307,1.22669735754193
"71",-0.576828039686978,-0.338619006257601,-0.238747485565125,0.760241459788561,1.12073719239342,-0.463969302294776,-1.03433916727221,-0.33291640592397,0.794400043159256,-0.584316844269138,1.00375551088307,-0.354566291195151
"72",0.384803367528117,1.15518643588187,1.18313791845024,-0.698255345561197,1.4685671758079,-0.463969302294776,0.964383861273123,-0.33291640592397,0.794400043159256,1.70712176070787,-0.993767893859362,1.26802336761896
"73",-0.632156177420645,0.0811888456661647,0.000387786928367842,-1.42750374823608,-0.502469396874172,1.45590367271809,0.964383861273123,-0.33291640592397,0.794400043159256,1.70712176070787,-0.993767893859362,0.310999976361309
"74",-0.602364103256363,-0.0921064492456067,-0.109485176109183,0.760241459788561,-1.43001601931279,0.495967185211658,-1.03433916727221,-0.33291640592397,-1.2556645843485,-0.584316844269138,1.00375551088307,0.176146680320457
"75",-0.826116766932105,0.283511102475658,0.407564061714586,0.760241459788561,-0.618412724679,-1.1039269606324,0.964383861273123,-0.33291640592397,0.794400043159256,-0.584316844269138,1.00375551088307,0.924364968030988
"76",-0.346209012251468,-0.673945401911879,-0.846280340008054,-0.698255345561197,-1.60393101102004,0.815946014380469,-1.03433916727221,-0.33291640592397,0.794400043159256,-0.584316844269138,-0.993767893859362,-1.06798372831449
"77",-0.414163314749998,-0.624989481099304,-0.671776222242532,-1.42750374823608,0.714935545076519,0.815946014380469,-1.03433916727221,2.99624765331573,-1.2556645843485,-0.584316844269138,1.00375551088307,0.0260680121459614
"78",-0.688988105564509,-0.641885772353201,-0.658849991296938,-1.42750374823608,-1.48798768321521,0.495967185211658,0.964383861273123,-0.33291640592397,-1.2556645843485,1.70712176070787,-0.993767893859362,-0.815677561528385
"79",1.86552620030087,0.834590140295091,0.730719835354442,0.0309930571136823,-0.618412724679,-0.783948131463587,0.964383861273123,-0.33291640592397,0.794400043159256,-0.584316844269138,1.00375551088307,-0.280614483688878
"80",-0.847368446502626,-1.14140945993638,-1.1888254600663,-0.698255345561197,0.541020553369278,0.175988356042846,-1.03433916727221,-0.33291640592397,-1.2556645843485,1.70712176070787,-0.993767893859362,-1.13106027001102
"81",-0.50646199785134,-0.557404316083713,-0.432640949749039,0.0309930571136823,-0.908271044191069,-1.42390578980121,0.964383861273123,-0.33291640592397,0.794400043159256,-0.584316844269138,1.00375551088307,-0.778701657775249
"82",0.234395953104442,-0.204748390938258,-0.245210601037922,-1.42750374823608,1.58451050361273,0.495967185211658,-1.03433916727221,-0.33291640592397,-1.2556645843485,-0.584316844269138,1.00375551088307,-0.915730006978049
"83",-0.611358472313579,-0.131097890600755,-0.0707064832724004,0.0309930571136823,0.42507722556445,-0.783948131463587,-1.03433916727221,-0.33291640592397,-1.2556645843485,-0.584316844269138,1.00375551088307,-0.0370085295505659
"84",-0.737534999750306,-1.43081260243904,-1.50551811823336,0.0309930571136823,-1.0242143719959,0.175988356042846,0.964383861273123,-0.33291640592397,-1.2556645843485,-0.584316844269138,1.00375551088307,-1.13106027001102
"85",-0.0476356823174294,-0.792652678926443,-0.794575416225677,0.760241459788561,0.772907208978933,-0.783948131463587,-1.03433916727221,-0.33291640592397,-1.2556645843485,-0.584316844269138,1.00375551088307,-1.13106027001102
"86",3.03819898621495,3.17580957455312,3.0574414055614,0.760241459788561,-0.850299380288655,-0.463969302294776,0.964383861273123,-0.33291640592397,0.794400043159256,1.70712176070787,-0.993767893859362,2.73835930509663
"87",0.287936566388251,0.695087427891115,0.601457525898499,-1.42750374823608,-1.31407269150797,0.495967185211658,-1.03433916727221,-0.33291640592397,0.794400043159256,-0.584316844269138,1.00375551088307,0.64160805697759
"88",-0.949881555031723,-1.06775895959888,-1.11773118986553,0.760241459788561,0.193190569954794,-0.463969302294776,0.964383861273123,-0.33291640592397,-1.2556645843485,1.70712176070787,-0.993767893859362,-1.13106027001102
"89",-0.841523525285633,-0.185685908497963,-0.0190015594900235,0.760241459788561,0.0772472421499667,-1.74388461897002,-1.03433916727221,-0.33291640592397,0.794400043159256,-0.584316844269138,-0.993767893859362,0.128295510757575
"90",0.406055047098639,1.20544207140628,1.21545349581423,0.0309930571136823,-0.212611077362103,-1.42390578980121,0.964383861273123,-0.33291640592397,-1.2556645843485,-0.584316844269138,-0.993767893859362,1.42680224844126
"91",-0.710126291519166,0.446841917930002,0.491584562860949,0.760241459788561,-0.792327716386242,0.815946014380469,-1.03433916727221,-0.33291640592397,0.794400043159256,-0.584316844269138,-0.993767893859362,1.09401911466303
"92",0.0930396545459142,0.565115956707286,0.653162449680876,0.0309930571136823,-0.502469396874172,0.815946014380469,-1.03433916727221,-0.33291640592397,0.794400043159256,-0.584316844269138,1.00375551088307,0.635082897491742
"93",-0.411013866909774,-0.82471230848512,-0.684702453188126,0.760241459788561,-0.270582741264517,-0.143990473125965,-1.03433916727221,-0.33291640592397,-1.2556645843485,-0.584316844269138,1.00375551088307,-1.13106027001102
"94",-0.815448367040895,0.303006823153232,0.213670597530673,-0.698255345561197,-1.71987433882486,0.815946014380469,-1.03433916727221,-0.33291640592397,-1.2556645843485,-0.584316844269138,-0.993767893859362,0.906964542735394
"95",-0.204568979653281,-0.719435416826219,-0.710554915079315,0.0309930571136823,-0.618412724679,0.495967185211658,0.964383861273123,-0.33291640592397,-1.2556645843485,-0.584316844269138,-0.993767893859362,-1.13106027001102
"96",-0.883402669539424,-1.68122430358655,-1.51844434917895,1.48948986246344,-0.560441060776586,1.13592484354928,0.964383861273123,-0.33291640592397,0.794400043159256,-0.584316844269138,-0.993767893859362,-1.13106027001102
"97",-0.87693353343518,0.280045196577422,0.0779451726019332,-1.42750374823608,0.193190569954794,1.13592484354928,-1.03433916727221,2.99624765331573,-1.2556645843485,1.70712176070787,-0.993767893859362,1.8705130934789
"98",-0.54340416981505,-0.583831848557758,-0.574829490150575,0.760241459788561,1.062765528491,1.13592484354928,0.964383861273123,-0.33291640592397,0.794400043159256,-0.584316844269138,-0.993767893859362,-0.793927029908893
"99",-0.253200994050976,-0.767958099401515,-0.736407376970503,-0.698255345561197,0.714935545076519,0.175988356042846,0.964383861273123,2.99624765331573,-1.2556645843485,-0.584316844269138,-0.993767893859362,-0.315415334280066
"100",1.09612460495531,1.628282590991,1.62909288607324,1.48948986246344,-0.502469396874172,1.45590367271809,-1.03433916727221,-0.33291640592397,-1.2556645843485,-0.584316844269138,1.00375551088307,1.7204344253044
"101",-0.682831076903891,-0.433064941984517,-0.639460644878546,-1.42750374823608,-0.850299380288655,-0.783948131463587,-1.03433916727221,-0.33291640592397,-1.2556645843485,-0.584316844269138,1.00375551088307,-0.482894427750155
"102",-0.772973381303819,-0.997574365159612,-1.06602626608316,0.0309930571136823,0.830878872881347,0.815946014380469,0.964383861273123,2.99624765331573,-1.2556645843485,-0.584316844269138,1.00375551088307,-0.193612357210909
"103",0.66660801571826,1.23316931859217,1.13789611014066,-0.698255345561197,0.0192755782475528,0.815946014380469,-1.03433916727221,2.99624765331573,-1.2556645843485,-0.584316844269138,1.00375551088307,2.32074909800239
"104",2.86469562096296,2.08144978718529,2.11382654653302,2.21873826513832,0.598992217271692,0.495967185211658,-1.03433916727221,-0.33291640592397,-1.2556645843485,-0.584316844269138,1.00375551088307,1.15274555003566
"105",-0.833408731751362,0.0140369188878533,0.065018941656339,0.760241459788561,-0.154639413459689,-0.463969302294776,0.964383861273123,-0.33291640592397,-1.2556645843485,-0.584316844269138,1.00375551088307,0.489354335641144
"106",-0.941653267881588,-0.67307892543732,-0.620071298460155,-0.698255345561197,0.135218906052381,1.45590367271809,0.964383861273123,-0.33291640592397,0.794400043159256,-0.584316844269138,1.00375551088307,-0.674299106001686
"107",-0.805801409692461,-1.47240347321787,-1.55075992654294,-0.698255345561197,1.062765528491,0.495967185211658,-1.03433916727221,-0.33291640592397,0.794400043159256,1.70712176070787,-0.993767893859362,-1.13106027001102
"108",-0.173329861886734,-0.670046257776364,-0.594218836568967,0.0309930571136823,0.946822200686175,-0.463969302294776,-1.03433916727221,-0.33291640592397,-1.2556645843485,1.70712176070787,-0.993767893859362,-1.13106027001102
"109",1.78091670967431,0.56208328904633,0.607920641371297,0.760241459788561,0.483048889466864,0.175988356042846,-1.03433916727221,-0.33291640592397,0.794400043159256,-0.584316844269138,1.00375551088307,-0.63732320224855
"110",-0.898241959813634,-0.638853104692245,-0.490808989004213,1.48948986246344,-1.08218603589831,1.7758825018869,-1.03433916727221,-0.33291640592397,0.794400043159256,1.70712176070787,-0.993767893859362,-0.485069480912104
"111",-0.303081438223174,-0.634520722319451,-0.678239337715329,0.0309930571136823,0.0772472421499667,1.13592484354928,0.964383861273123,-0.33291640592397,0.794400043159256,1.70712176070787,-0.993767893859362,-1.02883277139941
"112",-0.472243672668365,-0.769691052350633,-0.801038531698474,-0.698255345561197,0.251162233857208,-0.783948131463587,0.964383861273123,-0.33291640592397,-1.2556645843485,-0.584316844269138,-0.993767893859362,-1.13106027001102
"113",0.0223615052666506,0.823759184363105,0.879371491228775,0.760241459788561,-0.792327716386242,0.175988356042846,-1.03433916727221,-0.33291640592397,0.794400043159256,-0.584316844269138,1.00375551088307,1.14404533738786
"114",0.681872907051959,0.715016386805969,0.769498528191224,0.760241459788561,-1.48798768321521,-0.463969302294776,0.964383861273123,-0.33291640592397,0.794400043159256,1.70712176070787,-0.993767893859362,0.539380558365976
"115",-0.815363246828997,-0.610692619269083,-0.561903259204981,0.760241459788561,-0.850299380288655,0.495967185211658,-1.03433916727221,-0.33291640592397,-1.2556645843485,-0.584316844269138,1.00375551088307,-0.541620863122784
"116",-0.135536487804045,0.040031213124619,0.0908714035475274,1.48948986246344,1.4685671758079,-1.74388461897002,0.964383861273123,-0.33291640592397,-1.2556645843485,-0.584316844269138,-0.993767893859362,-0.0217831574169214
"117",-0.284922459684945,-1.13447764813991,-1.09187872797434,0.0309930571136823,0.367105561662036,0.815946014380469,0.964383861273123,-0.33291640592397,-1.2556645843485,-0.584316844269138,1.00375551088307,-1.13106027001102
"118",1.30923724214381,1.89645705986697,1.75189208005639,-1.42750374823608,-0.502469396874172,1.13592484354928,-1.03433916727221,-0.33291640592397,0.794400043159256,1.70712176070787,-0.993767893859362,1.78568602016288
"119",-0.515825221160115,-1.11541516569962,-1.17589922912071,0.0309930571136823,-0.908271044191069,1.13592484354928,0.964383861273123,-0.33291640592397,-1.2556645843485,-0.584316844269138,1.00375551088307,-1.13106027001102
"120",-0.630084918931128,-1.44077708189647,-1.4085713861414,0.0309930571136823,1.4685671758079,0.815946014380469,-1.03433916727221,-0.33291640592397,-1.2556645843485,-0.584316844269138,1.00375551088307,-1.13106027001102
"121",-0.510093793558986,-1.4442429877947,-1.46673942539658,-0.698255345561197,0.656963881174105,0.495967185211658,0.964383861273123,-0.33291640592397,0.794400043159256,1.70712176070787,-0.993767893859362,-1.13106027001102
"122",2.91851996828643,1.48228130502784,1.57738796229086,-0.698255345561197,1.58451050361273,-0.143990473125965,-1.03433916727221,-0.33291640592397,0.794400043159256,-0.584316844269138,1.00375551088307,-0.143586134486077
"123",0.493218144082138,1.00528600578319,0.814740336500804,-1.42750374823608,1.64248216751514,-0.783948131463587,0.964383861273123,-0.33291640592397,-1.2556645843485,-0.584316844269138,1.00375551088307,0.83518778839107
"124",-0.947980536966002,-1.4884332879972,-1.53783369559735,0.0309930571136823,1.23668052019824,0.175988356042846,0.964383861273123,-0.33291640592397,-1.2556645843485,-0.584316844269138,-0.993767893859362,-1.13106027001102
"125",-0.444182376146008,-0.955983494380787,-1.05310003513756,-1.42750374823608,-1.48798768321521,-0.463969302294776,0.964383861273123,-0.33291640592397,0.794400043159256,-0.584316844269138,1.00375551088307,-1.13106027001102
"126",-0.50053195642245,-0.955117017906228,-1.03371068871917,-1.42750374823608,-1.25610102760555,0.495967185211658,0.964383861273123,-0.33291640592397,0.794400043159256,-0.584316844269138,1.00375551088307,-1.13106027001102
"127",-0.533189744387296,0.345464170406616,0.504510793806543,1.48948986246344,-0.32855440516693,0.495967185211658,0.964383861273123,2.99624765331573,0.794400043159256,1.70712176070787,-0.993767893859362,1.92271436936568
"128",0.34000176266583,-0.573867369100331,-0.620071298460155,0.0309930571136823,0.946822200686175,-0.783948131463587,0.964383861273123,-0.33291640592397,-1.2556645843485,-0.584316844269138,1.00375551088307,-1.13106027001102
"129",2.21539864460541,1.57716047899203,1.64848223249163,-0.698255345561197,1.93234048702721,1.13592484354928,-1.03433916727221,2.99624765331573,-1.2556645843485,-0.584316844269138,-0.993767893859362,1.60733166088304
"130",-0.768178276033567,-0.55220545723636,-0.490808989004213,0.0309930571136823,0.0192755782475528,0.495967185211658,-1.03433916727221,-0.33291640592397,0.794400043159256,-0.584316844269138,-0.993767893859362,-0.576421713713972
"131",-0.607925290433696,-0.396239691815765,-0.477882758058619,0.760241459788561,0.0192755782475528,-0.463969302294776,0.964383861273123,2.99624765331573,0.794400043159256,-0.584316844269138,-0.993767893859362,0.756885874560898
"132",-0.978680560057195,-1.37232544040632,-1.24699349932148,1.48948986246344,-0.560441060776586,1.7758825018869,-1.03433916727221,-0.33291640592397,0.794400043159256,1.70712176070787,-0.993767893859362,-1.13106027001102
"133",-0.622395726456347,0.306472729051468,0.336469791513818,0.760241459788561,-0.386526069069344,-0.143990473125965,-1.03433916727221,-0.33291640592397,0.794400043159256,-0.584316844269138,-0.993767893859362,0.852588213686664
"134",-0.674262308906164,0.473702688641327,0.46573210096976,0.760241459788561,1.41059551190549,-0.463969302294776,0.964383861273123,-0.33291640592397,0.794400043159256,-0.584316844269138,-0.993767893859362,1.08314384885328
"135",-0.299478015919494,0.476302118065003,0.627309987789688,0.0309930571136823,1.23668052019824,0.495967185211658,0.964383861273123,-0.33291640592397,0.794400043159256,-0.584316844269138,-0.993767893859362,0.685109120216574
"136",-0.0211632964171673,-0.535309165982462,-0.632997529405749,0.0309930571136823,1.4685671758079,0.815946014380469,0.964383861273123,-0.33291640592397,-1.2556645843485,-0.584316844269138,-0.993767893859362,-1.11365984471543
"137",0.267961689996199,-0.268434411818334,-0.264599947456314,-0.698255345561197,0.830878872881347,-1.74388461897002,0.964383861273123,-0.33291640592397,-1.2556645843485,-0.584316844269138,-0.993767893859362,-0.96793128286483
"138",-0.251498589813017,-0.486353245169887,-0.49727210447701,0.760241459788561,-1.19812936370314,-1.42390578980121,-1.03433916727221,-0.33291640592397,0.794400043159256,1.70712176070787,-0.993767893859362,-0.724325328726518
"139",-0.676560554627408,-1.15354013058021,-1.16297299817511,-0.698255345561197,1.062765528491,-0.783948131463587,0.964383861273123,-0.33291640592397,0.794400043159256,-0.584316844269138,1.00375551088307,-1.13106027001102
"140",1.77680256609924,2.44710285944912,2.41112985828169,0.0309930571136823,1.81639715922238,-2.06386344813883,-1.03433916727221,-0.33291640592397,-1.2556645843485,-0.584316844269138,-0.993767893859362,2.34249962962188
"141",-0.15287263762726,0.567282147893683,0.672551796099268,0.0309930571136823,-1.37204435541038,-0.463969302294776,0.964383861273123,2.99624765331573,0.794400043159256,-0.584316844269138,-0.993767893859362,1.96839048576661
"142",1.32382117178232,0.874448058124798,0.827666567446399,-0.698255345561197,-1.31407269150797,-1.1039269606324,-1.03433916727221,-0.33291640592397,0.794400043159256,-0.584316844269138,1.00375551088307,0.184846892968254
"143",1.66478436724154,1.16125177120378,1.25423218865101,0.0309930571136823,1.64248216751514,1.13592484354928,-1.03433916727221,-0.33291640592397,-1.2556645843485,1.70712176070787,-0.993767893859362,0.324050295333004
"144",-0.725873530720287,0.0694914132596202,0.207207482057876,0.0309930571136823,0.483048889466864,-1.1039269606324,0.964383861273123,-0.33291640592397,-1.2556645843485,-0.584316844269138,-0.993767893859362,0.413227474972922
"145",-0.789543449219953,-0.861104320416592,-0.820427878116866,0.0309930571136823,-1.37204435541038,0.175988356042846,-1.03433916727221,-0.33291640592397,0.794400043159256,-0.584316844269138,1.00375551088307,-0.983156654998475
"146",-0.728909484944647,-0.0271207136536924,-0.0900958296907918,-0.698255345561197,-0.270582741264517,0.175988356042846,-1.03433916727221,-0.33291640592397,-1.2556645843485,1.70712176070787,-0.993767893859362,0.265323859960375
"147",-0.799105286356489,0.162204396037418,0.103797634493122,0.0309930571136823,-0.0386960856548611,0.495967185211658,0.964383861273123,-0.33291640592397,0.794400043159256,-0.584316844269138,1.00375551088307,0.619857525358097
"148",-0.606109392579873,-1.40135240230404,-1.32455088499504,0.0309930571136823,0.0192755782475528,0.815946014380469,-1.03433916727221,-0.33291640592397,0.794400043159256,-0.584316844269138,1.00375551088307,-1.13106027001102
"149",-0.852191925176843,-1.00320646224424,-1.05310003513756,-0.698255345561197,0.772907208978933,-0.783948131463587,0.964383861273123,-0.33291640592397,0.794400043159256,-0.584316844269138,1.00375551088307,-1.13106027001102
"150",-0.901561648077653,-1.66779391823089,-1.51198123370616,1.48948986246344,-0.676384388581414,-1.1039269606324,-1.03433916727221,-0.33291640592397,0.794400043159256,1.70712176070787,-0.993767893859362,-1.13106027001102
"151",0.53092639795293,0.429945626676105,0.517437024752137,0.0309930571136823,-1.60393101102004,0.175988356042846,0.964383861273123,-0.33291640592397,0.794400043159256,-0.584316844269138,-0.993767893859362,0.132645617081473
"152",-0.265429931160315,0.0413309278364573,-0.0125384440172264,0.0309930571136823,0.598992217271692,-0.143990473125965,0.964383861273123,-0.33291640592397,0.794400043159256,-0.584316844269138,1.00375551088307,0.0304181184698598
"153",-0.107815672129279,-1.13317793342807,-1.10480495891994,0.760241459788561,-1.83581766662969,-0.783948131463587,0.964383861273123,2.99624765331573,-1.2556645843485,-0.584316844269138,1.00375551088307,-0.791751976746944
"154",1.3305172951183,-0.0535482461277375,-0.0707064832724004,0.0309930571136823,-1.37204435541038,1.13592484354928,-1.03433916727221,-0.33291640592397,-1.2556645843485,-0.584316844269138,1.00375551088307,-1.13106027001102
"155",0.279112437754831,-0.684776357843865,-0.775186069807286,-0.698255345561197,-1.43001601931279,0.815946014380469,-1.03433916727221,-0.33291640592397,0.794400043159256,-0.584316844269138,-0.993767893859362,-1.13106027001102
"156",-0.728682497712919,-1.46157251728588,-1.36979269330462,0.760241459788561,-1.25610102760555,-1.42390578980121,0.964383861273123,-0.33291640592397,0.794400043159256,1.70712176070787,-0.993767893859362,-1.13106027001102
"157",-0.380427337434444,-0.19565038795539,-0.109485176109183,1.48948986246344,1.12073719239342,-0.143990473125965,0.964383861273123,-0.33291640592397,0.794400043159256,-0.584316844269138,1.00375551088307,-0.197962463534808
"158",0.31316052251401,0.340265311559263,0.330006676041021,-0.698255345561197,0.946822200686175,0.815946014380469,0.964383861273123,2.99624765331573,0.794400043159256,-0.584316844269138,1.00375551088307,1.08749395517718
"159",-0.0812014192091873,0.352829220440366,0.330006676041021,-0.698255345561197,1.58451050361273,-0.463969302294776,0.964383861273123,-0.33291640592397,0.794400043159256,1.70712176070787,-0.993767893859362,0.289249444741817
"160",0.229827835065918,-0.751928284622176,-0.775186069807286,0.0309930571136823,-0.154639413459689,-0.143990473125965,-1.03433916727221,-0.33291640592397,-1.2556645843485,1.70712176070787,-0.993767893859362,-1.13106027001102
"161",-0.935779973260629,0.0560610279039579,0.168428789221093,1.48948986246344,0.656963881174105,-0.783948131463587,0.964383861273123,-0.33291640592397,-1.2556645843485,-0.584316844269138,1.00375551088307,0.687284173378523
"162",-0.393422356450864,-1.31297180189904,-1.25991973026707,0.0309930571136823,1.4685671758079,0.175988356042846,-1.03433916727221,-0.33291640592397,0.794400043159256,-0.584316844269138,1.00375551088307,-1.13106027001102
"163",0.52746484266908,1.21064093025363,1.03448626257591,-1.42750374823608,0.0192755782475528,-0.463969302294776,-1.03433916727221,-0.33291640592397,0.794400043159256,-0.584316844269138,1.00375551088307,1.23104746386583
"164",-0.894979018357545,-1.04219790359939,-0.982005764936794,1.48948986246344,1.41059551190549,0.815946014380469,0.964383861273123,-0.33291640592397,-1.2556645843485,-0.584316844269138,-0.993767893859362,-1.13106027001102
"165",0.895553012319777,0.537821947758682,0.478658331915354,0.760241459788561,-0.676384388581414,-0.463969302294776,-1.03433916727221,-0.33291640592397,0.794400043159256,1.70712176070787,-0.993767893859362,0.0608688627371489
"166",-0.562811578127783,-0.0903734962964889,0.0779451726019332,0.760241459788561,-0.560441060776586,-0.783948131463587,-1.03433916727221,-0.33291640592397,0.794400043159256,-0.584316844269138,1.00375551088307,0.108720032300032
"167",-0.27033853004643,-0.803916873095708,-0.910911494736025,-0.698255345561197,-1.19812936370314,0.495967185211658,-1.03433916727221,-0.33291640592397,-1.2556645843485,-0.584316844269138,-0.993767893859362,-1.13106027001102
"168",-0.448750494184531,-1.04349761831123,-1.14358365175672,-1.42750374823608,-1.08218603589831,0.175988356042846,0.964383861273123,-0.33291640592397,0.794400043159256,-0.584316844269138,1.00375551088307,-1.13106027001102
"169",-0.503596284050776,-0.829911167332473,-0.87859591737204,-1.42750374823608,-1.37204435541038,-0.783948131463587,0.964383861273123,-0.33291640592397,0.794400043159256,1.70712176070787,-0.993767893859362,-1.13106027001102
"170",-0.507568560606014,0.625336071689127,0.672551796099268,0.760241459788561,-1.14015769980072,-0.463969302294776,0.964383861273123,-0.33291640592397,0.794400043159256,-0.584316844269138,1.00375551088307,1.25932315497117
"171",-0.296413688291168,-1.17606851891874,-1.21467792195749,0.0309930571136823,0.0772472421499667,-1.42390578980121,-1.03433916727221,-0.33291640592397,-1.2556645843485,1.70712176070787,-0.993767893859362,-1.13106027001102
"172",-0.235070388916713,-0.201715723277302,-0.361546679548271,-1.42750374823608,0.42507722556445,-1.42390578980121,0.964383861273123,-0.33291640592397,0.794400043159256,-0.584316844269138,1.00375551088307,-0.515520225179393
"173",0.883238954998541,-0.0167229959589861,-0.0707064832724004,0.760241459788561,0.251162233857208,1.45590367271809,-1.03433916727221,-0.33291640592397,-1.2556645843485,1.70712176070787,-0.993767893859362,-0.896154528520506
"174",-0.86061882615474,0.00407243943042647,-0.103022060636386,0.0309930571136823,0.135218906052381,-0.463969302294776,-1.03433916727221,-0.33291640592397,0.794400043159256,-0.584316844269138,-0.993767893859362,0.443678219240211
"175",2.17383160779524,2.57230871002288,2.55331839868323,0.0309930571136823,-0.096667749557275,0.815946014380469,-1.03433916727221,-0.33291640592397,-1.2556645843485,-0.584316844269138,-0.993767893859362,2.2902983537351
"176",-0.428066282693329,-1.11238249803866,-0.962616418518402,0.0309930571136823,-0.212611077362103,1.13592484354928,-1.03433916727221,-0.33291640592397,-1.2556645843485,-0.584316844269138,1.00375551088307,-1.13106027001102
"177",-0.600633325614438,-0.922190911872992,-0.865669686426445,0.760241459788561,-1.37204435541038,1.45590367271809,-1.03433916727221,-0.33291640592397,0.794400043159256,-0.584316844269138,1.00375551088307,-1.13106027001102
"178",-0.648045283641595,-0.333853385647528,-0.40678848785785,-0.698255345561197,-1.25610102760555,0.175988356042846,0.964383861273123,-0.33291640592397,0.794400043159256,1.70712176070787,-0.993767893859362,-0.295839855822523
"179",-0.479592384295555,-0.149293896566491,-0.25167371651072,-0.698255345561197,-1.54595934711762,-1.1039269606324,0.964383861273123,-0.33291640592397,-1.2556645843485,-0.584316844269138,1.00375551088307,-0.145761187648027
"180",0.3633814475338,1.19721054489797,1.32532645885178,1.48948986246344,0.656963881174105,-0.783948131463587,0.964383861273123,-0.33291640592397,-1.2556645843485,-0.584316844269138,1.00375551088307,1.55948049132016
"181",-0.9812625398181,-0.49891715405099,-0.393862256912256,1.48948986246344,0.772907208978933,0.815946014380469,-1.03433916727221,-0.33291640592397,0.794400043159256,1.70712176070787,-0.993767893859362,-0.211012782506503
"182",0.025056978643419,0.192531072646978,0.17489190469389,0.0309930571136823,1.4685671758079,-0.463969302294776,-1.03433916727221,-0.33291640592397,0.794400043159256,-0.584316844269138,-0.993767893859362,-0.00873283844522607
"183",0.389002631315083,0.729746486873469,0.672551796099268,-0.698255345561197,0.598992217271692,-1.42390578980121,0.964383861273123,-0.33291640592397,0.794400043159256,-0.584316844269138,-0.993767893859362,0.58505667476691
"184",1.01128812709702,-0.279698605987599,-0.128874522527574,0.0309930571136823,-1.54595934711762,0.495967185211658,0.964383861273123,-0.33291640592397,0.794400043159256,1.70712176070787,-0.993767893859362,-1.13106027001102
"185",3.22520809175474,2.96915493537084,2.90878974968707,-1.42750374823608,0.367105561662036,1.13592484354928,0.964383861273123,-0.33291640592397,0.794400043159256,-0.584316844269138,1.00375551088307,2.01841670849144
"186",-0.419894742351126,-0.12719874646524,-0.25167371651072,-1.42750374823608,-1.48798768321521,0.175988356042846,0.964383861273123,-0.33291640592397,-1.2556645843485,-0.584316844269138,-0.993767893859362,-0.152286347133874
"187",-0.248178901548997,-0.402738265374957,-0.296915524820299,-0.698255345561197,-0.212611077362103,-0.143990473125965,-1.03433916727221,-0.33291640592397,-1.2556645843485,-0.584316844269138,-0.993767893859362,-0.722150275564569
"188",-0.620069107331136,-1.10761687742859,-1.21467792195749,-0.698255345561197,1.12073719239342,0.495967185211658,-1.03433916727221,-0.33291640592397,-1.2556645843485,1.70712176070787,-0.993767893859362,-1.13106027001102
"189",1.0966353262267,1.26999456876092,1.28654776601499,-0.698255345561197,1.58451050361273,-0.783948131463587,-1.03433916727221,-0.33291640592397,-1.2556645843485,-0.584316844269138,-0.993767893859362,0.891739170601749
"190",0.372602803822745,-0.140629131820903,-0.187042561782748,-0.698255345561197,1.70045383141756,0.815946014380469,0.964383861273123,-0.33291640592397,0.794400043159256,-0.584316844269138,1.00375551088307,-0.85700357160542
"191",0.282829353674375,0.26704804945904,0.194281251112281,0.760241459788561,-0.32855440516693,1.13592484354928,0.964383861273123,-0.33291640592397,0.794400043159256,-0.584316844269138,1.00375551088307,0.0391183311176567
"192",2.2435166879357,2.09011455193087,2.23662574051617,0.0309930571136823,-0.212611077362103,1.13592484354928,0.964383861273123,2.99624765331573,-1.2556645843485,1.70712176070787,-0.993767893859362,2.53825441419731
"193",-0.474144690734086,-0.347717009240469,-0.439104065221836,0.760241459788561,0.0192755782475528,0.175988356042846,-1.03433916727221,-0.33291640592397,0.794400043159256,1.70712176070787,-0.993767893859362,-0.400242407596085
"194",2.41145886601035,2.31886434121441,2.42405608922729,2.9479866678132,-0.966242708093483,1.7758825018869,0.964383861273123,-0.33291640592397,0.794400043159256,-0.584316844269138,1.00375551088307,1.97056553892856
"195",-0.42029197000665,-1.13317793342807,-1.12419430533833,-0.698255345561197,1.35262384800307,0.175988356042846,-1.03433916727221,-0.33291640592397,0.794400043159256,-0.584316844269138,-0.993767893859362,-1.13106027001102
"196",-0.605371684076757,0.280911673051981,0.278301752258644,-0.698255345561197,1.00479386458859,0.815946014380469,0.964383861273123,-0.33291640592397,0.794400043159256,-0.584316844269138,-0.993767893859362,0.61333236587225
"197",1.35681944059476,1.15345348293275,1.0474124935215,-1.42750374823608,0.656963881174105,-0.463969302294776,-1.03433916727221,-0.33291640592397,0.794400043159256,-0.584316844269138,-0.993767893859362,0.498054548288941
"198",0.155489516675043,-0.328654526800175,-0.329231102184285,-0.698255345561197,1.64248216751514,1.13592484354928,0.964383861273123,-0.33291640592397,-1.2556645843485,-0.584316844269138,-0.993767893859362,-0.980981601836526
"199",-0.50702946593066,-1.1851665219016,-1.2017516910119,0.760241459788561,-0.270582741264517,0.815946014380469,0.964383861273123,-0.33291640592397,0.794400043159256,-0.584316844269138,-0.993767893859362,-1.13106027001102
"200",-0.987845169538208,-0.249805167615319,-0.290452409347502,0.0309930571136823,-0.734356052483828,-2.06386344813883,-1.03433916727221,-0.33291640592397,0.794400043159256,1.70712176070787,-0.993767893859362,0.110895085461981
"201",-0.603499039415002,0.263148905323525,0.181355020166687,-0.698255345561197,-0.908271044191069,1.45590367271809,-1.03433916727221,-0.33291640592397,0.794400043159256,-0.584316844269138,-0.993767893859362,0.672058801244879
"202",0.814178089745338,1.12529299750959,1.12496987919507,2.21873826513832,0.656963881174105,0.495967185211658,0.964383861273123,-0.33291640592397,0.794400043159256,-0.584316844269138,1.00375551088307,1.14839544371176
"203",-0.686094018359979,-1.42431402887985,-1.35686646235903,-0.698255345561197,0.135218906052381,-0.143990473125965,0.964383861273123,-0.33291640592397,0.794400043159256,-0.584316844269138,1.00375551088307,-1.13106027001102
"204",0.652222699907507,0.887445205243181,0.931076415011152,1.48948986246344,-0.908271044191069,0.815946014380469,0.964383861273123,2.99624765331573,-1.2556645843485,-0.584316844269138,-0.993767893859362,1.93793974149932
"205",0.343832172201238,0.248852043493304,0.239523059421861,-0.698255345561197,-0.618412724679,-2.06386344813883,0.964383861273123,-0.33291640592397,-1.2556645843485,-0.584316844269138,1.00375551088307,-0.139236028162179
"206",-0.976779541991474,-0.371545112290838,-0.219358139146734,3.67723507048808,-1.54595934711762,-0.143990473125965,-1.03433916727221,-0.33291640592397,-1.2556645843485,-0.584316844269138,1.00375551088307,0.256623647312578
"207",-0.617657367994028,-0.990209315125862,-1.13065742081113,-0.698255345561197,1.29465218410066,-0.143990473125965,-1.03433916727221,-0.33291640592397,-1.2556645843485,-0.584316844269138,1.00375551088307,-1.13106027001102
"208",-0.975389245197141,-0.149293896566491,0.0197771333467592,1.48948986246344,-1.08218603589831,-1.1039269606324,0.964383861273123,2.99624765331573,0.794400043159256,-0.584316844269138,1.00375551088307,1.51380437491923
"209",0.173818735637068,-0.177021143752375,-0.225821254619531,0.0309930571136823,-0.560441060776586,0.495967185211658,-1.03433916727221,-0.33291640592397,-1.2556645843485,-0.584316844269138,-0.993767893859362,-0.630798042762702
"210",3.02823992142289,1.91508630406999,1.85530192762114,-0.698255345561197,2.04828381483204,-0.783948131463587,0.964383861273123,-0.33291640592397,0.794400043159256,-0.584316844269138,-0.993767893859362,0.461078644535805
"211",-0.586645237459208,-0.662681207742614,-0.723481146024909,-0.698255345561197,0.367105561662036,-0.463969302294776,0.964383861273123,-0.33291640592397,0.794400043159256,-0.584316844269138,1.00375551088307,-0.924430219625846
"212",-0.44409725593411,0.248418805256024,0.271838636785847,0.0309930571136823,-1.77784600272728,0.495967185211658,-1.03433916727221,-0.33291640592397,-1.2556645843485,-0.584316844269138,1.00375551088307,0.606807206386402
"213",-0.172336792747925,-0.166623426057668,-0.20643190820114,-0.698255345561197,0.598992217271692,-0.143990473125965,-1.03433916727221,-0.33291640592397,0.794400043159256,-0.584316844269138,1.00375551088307,-0.461143896130663
"214",-0.164477359849347,0.220691558070141,0.181355020166687,-0.698255345561197,-0.676384388581414,1.7758825018869,-1.03433916727221,-0.33291640592397,-1.2556645843485,-0.584316844269138,-0.993767893859362,0.254448594150629
"215",-0.292526531947829,0.239754040510436,0.355859137932209,-0.698255345561197,0.367105561662036,0.815946014380469,0.964383861273123,-0.33291640592397,0.794400043159256,-0.584316844269138,1.00375551088307,0.350150933276395
"216",-0.118994793291877,-0.219478491005759,-0.11594829158198,0.0309930571136823,1.35262384800307,1.7758825018869,0.964383861273123,-0.33291640592397,0.794400043159256,-0.584316844269138,1.00375551088307,-0.595997192171514
"217",-0.843906891218776,-0.85503898509468,-0.904448379263228,0.0309930571136823,0.251162233857208,1.45590367271809,-1.03433916727221,-0.33291640592397,-1.2556645843485,1.70712176070787,-0.993767893859362,-1.01795750558966
"218",-0.929594571196045,0.285677293662055,0.239523059421861,0.0309930571136823,0.541020553369278,0.175988356042846,-1.03433916727221,-0.33291640592397,0.794400043159256,-0.584316844269138,1.00375551088307,0.94611549965048
"219",-0.981489527049828,-1.33809961966124,-1.33101400046784,-0.698255345561197,0.888850536783761,-1.1039269606324,0.964383861273123,2.99624765331573,0.794400043159256,1.70712176070787,-0.993767893859362,-0.706924903430925
"220",-0.177756112905427,0.210727078612714,0.0973345190203246,0.760241459788561,1.17870885629583,-0.143990473125965,0.964383861273123,-0.33291640592397,-1.2556645843485,-0.584316844269138,1.00375551088307,0.289249444741817
"221",-0.0105516433338896,0.445975441455444,0.530363255697731,0.0309930571136823,-0.154639413459689,-0.143990473125965,0.964383861273123,2.99624765331573,-1.2556645843485,1.70712176070787,-0.993767893859362,1.5790559697777
"222",1.51219220071249,1.74352396210733,1.79713388836597,1.48948986246344,1.29465218410066,-0.783948131463587,0.964383861273123,-0.33291640592397,-1.2556645843485,-0.584316844269138,-0.993767893859362,1.54425511918651
"223",-0.334292182585756,0.637466742332951,0.620846872316891,0.760241459788561,-0.676384388581414,-1.42390578980121,-1.03433916727221,2.99624765331573,-1.2556645843485,-0.584316844269138,1.00375551088307,2.23809707784831
"224",-0.502404601084205,-0.0531150078904581,-0.0707064832724004,1.48948986246344,0.946822200686175,1.13592484354928,-1.03433916727221,-0.33291640592397,0.794400043159256,1.70712176070787,-0.993767893859362,0.115245191785879
"225",2.1702849322995,1.33541354259011,1.48044123019891,0.760241459788561,-0.32855440516693,-2.38384227730764,-1.03433916727221,-0.33291640592397,0.794400043159256,-0.584316844269138,1.00375551088307,0.393651996515379
"226",-0.855171132593271,0.406117523625736,0.362322253405006,0.760241459788561,-1.60393101102004,0.495967185211658,0.964383861273123,-0.33291640592397,0.794400043159256,1.70712176070787,-0.993767893859362,1.20712187908439
"227",0.415957365082767,0.940300270191271,1.11204364824947,2.21873826513832,1.29465218410066,0.495967185211658,0.964383861273123,-0.33291640592397,-1.2556645843485,-0.584316844269138,1.00375551088307,1.11359459312057
"228",0.617692267280906,0.38055646762625,0.485121447388151,0.0309930571136823,-0.502469396874172,0.175988356042846,0.964383861273123,-0.33291640592397,0.794400043159256,-0.584316844269138,1.00375551088307,-0.0826846459514994
"229",0.679432794310885,-0.0292869048400895,-0.0900958296907918,-0.698255345561197,-1.25610102760555,-0.783948131463587,0.964383861273123,-0.33291640592397,-1.2556645843485,-0.584316844269138,-0.993767893859362,-0.791751976746944
"230",0.70150730259642,1.22147188618562,1.24130595770541,0.0309930571136823,1.17870885629583,-1.42390578980121,-1.03433916727221,-0.33291640592397,0.794400043159256,1.70712176070787,-0.993767893859362,1.17014597533125
"231",-0.34061945167017,0.173901828443962,0.207207482057876,0.0309930571136823,0.193190569954794,-1.42390578980121,-1.03433916727221,-0.33291640592397,-1.2556645843485,-0.584316844269138,-0.993767893859362,0.30664987003741
"232",-0.570160289754972,0.0175028247860888,0.149039442802701,0.760241459788561,-1.54595934711762,-0.463969302294776,-1.03433916727221,-0.33291640592397,0.794400043159256,-0.584316844269138,1.00375551088307,0.297949657389613
"233",-0.836387939167791,0.0227016836334419,0.0327033642923534,-1.42750374823608,-0.966242708093483,0.175988356042846,-1.03433916727221,-0.33291640592397,0.794400043159256,1.70712176070787,-0.993767893859362,0.367551358571988
"234",-0.953797084779028,-1.06472629193792,-1.08541561250155,0.0309930571136823,0.888850536783761,-0.783948131463587,-1.03433916727221,-0.33291640592397,0.794400043159256,-0.584316844269138,1.00375551088307,-1.13106027001102
"235",0.693364135658183,1.51997303167115,1.44812565283492,0.0309930571136823,-0.850299380288655,0.175988356042846,-1.03433916727221,-0.33291640592397,0.794400043159256,-0.584316844269138,-0.993767893859362,1.75958538221949
"236",-0.98500782914161,-0.785287628892692,-0.794575416225677,0.0309930571136823,-1.77784600272728,1.45590367271809,0.964383861273123,-0.33291640592397,0.794400043159256,-0.584316844269138,-0.993767893859362,-0.715625116078721
"237",-0.0763211937270381,0.108482854614769,0.0908714035475274,-0.698255345561197,-1.08218603589831,-0.783948131463587,-1.03433916727221,-0.33291640592397,0.794400043159256,1.70712176070787,-0.993767893859362,-0.0674592738178549
"238",0.435818747858955,0.179100687291316,0.213670597530673,1.48948986246344,-1.0242143719959,0.495967185211658,-1.03433916727221,-0.33291640592397,0.794400043159256,1.70712176070787,-0.993767893859362,-0.167511719267519
"239",-0.530210536970868,-0.790919725977325,-0.768722954334489,2.21873826513832,0.135218906052381,1.7758825018869,0.964383861273123,-0.33291640592397,0.794400043159256,-0.584316844269138,1.00375551088307,-1.01795750558966
"240",-0.489920303339172,-0.510614586457535,-0.594218836568967,-1.42750374823608,-1.19812936370314,-0.143990473125965,0.964383861273123,-0.33291640592397,0.794400043159256,1.70712176070787,-0.993767893859362,-0.776526604613299
"241",-0.440181726186804,-0.599861663337097,-0.600681952041764,1.48948986246344,0.888850536783761,0.175988356042846,0.964383861273123,-0.33291640592397,0.794400043159256,1.70712176070787,-0.993767893859362,-0.809152402042538
"242",-0.840331842319062,-1.6591291534853,-1.62831731221651,-0.698255345561197,-1.14015769980072,-0.783948131463587,-1.03433916727221,-0.33291640592397,0.794400043159256,-0.584316844269138,-0.993767893859362,-1.13106027001102
"243",-0.689498826835897,-1.51746024989493,-1.46673942539658,0.0309930571136823,-0.502469396874172,1.45590367271809,0.964383861273123,2.99624765331573,0.794400043159256,1.70712176070787,-0.993767893859362,-1.09625941941983
"244",0.367325350685072,0.815094419617517,0.679014911572065,-1.42750374823608,0.0192755782475528,-0.463969302294776,0.964383861273123,-0.33291640592397,0.794400043159256,-0.584316844269138,1.00375551088307,0.730785236617507
"245",-0.642881324119787,-1.27744626644212,-1.34394023141343,0.760241459788561,0.598992217271692,0.495967185211658,0.964383861273123,-0.33291640592397,-1.2556645843485,-0.584316844269138,1.00375551088307,-1.13106027001102
"246",-0.303875893534222,-1.18473328366433,-1.07248938155595,1.48948986246344,1.41059551190549,1.45590367271809,0.964383861273123,-0.33291640592397,0.794400043159256,-0.584316844269138,-0.993767893859362,-1.13106027001102
"247",-0.727235454110654,-0.660515016556217,-0.581292605623372,0.760241459788561,0.193190569954794,0.175988356042846,0.964383861273123,-0.33291640592397,-1.2556645843485,1.70712176070787,-0.993767893859362,-0.698224690783128
"248",-0.251243229177323,-1.08985410970013,-1.07895249702875,0.0309930571136823,-0.32855440516693,1.7758825018869,-1.03433916727221,-0.33291640592397,-1.2556645843485,-0.584316844269138,1.00375551088307,-1.13106027001102
"249",-0.837068900862974,-1.65956239172258,-1.69294846694448,-1.42750374823608,-1.0242143719959,0.815946014380469,-1.03433916727221,2.99624765331573,0.794400043159256,-0.584316844269138,1.00375551088307,-1.13106027001102
"250",-0.642512469868229,-1.37969049044007,-1.42796073255979,0.0309930571136823,-0.734356052483828,-0.143990473125965,0.964383861273123,2.99624765331573,0.794400043159256,-0.584316844269138,1.00375551088307,-0.917905060139999
"251",-0.988980105696847,-0.99887407987145,-1.05956315061036,-0.698255345561197,-0.502469396874172,1.45590367271809,0.964383861273123,-0.33291640592397,0.794400043159256,1.70712176070787,-0.993767893859362,-1.13106027001102
"252",-0.475109386468929,-0.664414160691732,-0.568366374677778,1.48948986246344,0.598992217271692,-0.463969302294776,-1.03433916727221,-0.33291640592397,0.794400043159256,-0.584316844269138,1.00375551088307,-0.843953252633725
"253",0.7866842613023,1.67550555885446,1.7195765026924,0.0309930571136823,0.483048889466864,-1.74388461897002,0.964383861273123,-0.33291640592397,-1.2556645843485,-0.584316844269138,1.00375551088307,1.81613676443017
"254",1.14078434279777,0.193397549121537,0.304154214149832,2.21873826513832,0.251162233857208,-0.463969302294776,-1.03433916727221,-0.33291640592397,0.794400043159256,-0.584316844269138,-0.993767893859362,-0.656898680706093
"255",-0.247157459006222,0.715016386805969,0.737182950827239,0.760241459788561,1.35262384800307,-2.38384227730764,0.964383861273123,-0.33291640592397,0.794400043159256,-0.584316844269138,1.00375551088307,1.14839544371176
"256",0.364431263480542,-0.222944396903994,-0.329231102184285,0.0309930571136823,-0.32855440516693,-1.74388461897002,-1.03433916727221,-0.33291640592397,-1.2556645843485,-0.584316844269138,-0.993767893859362,-0.874403996901014
"257",-0.547121085734594,-1.28307836352676,-1.421497617087,-0.698255345561197,0.888850536783761,0.175988356042846,0.964383861273123,-0.33291640592397,-1.2556645843485,1.70712176070787,-0.993767893859362,-1.13106027001102
"258",-0.839565760411981,-0.971580070922846,-1.09187872797434,-1.42750374823608,0.251162233857208,0.175988356042846,-1.03433916727221,-0.33291640592397,0.794400043159256,1.70712176070787,-0.993767893859362,-1.13106027001102
"259",-0.108354766804633,-0.942119870787845,-0.904448379263228,-0.698255345561197,-1.14015769980072,0.175988356042846,-1.03433916727221,-0.33291640592397,0.794400043159256,-0.584316844269138,1.00375551088307,-1.13106027001102
"260",-0.328050033713239,0.632701121722877,0.614383756844094,2.21873826513832,-0.0386960856548611,-1.42390578980121,0.964383861273123,-0.33291640592397,-1.2556645843485,-0.584316844269138,1.00375551088307,1.24409778283752
"261",0.644590254240658,0.194264025596096,0.181355020166687,0.760241459788561,0.42507722556445,-0.463969302294776,-1.03433916727221,-0.33291640592397,0.794400043159256,1.70712176070787,-0.993767893859362,-0.380666929138542
"262",3.83495254298372,1.98180499261102,2.00395358349547,0.0309930571136823,0.656963881174105,-1.74388461897002,0.964383861273123,2.99624765331573,0.794400043159256,1.70712176070787,-0.993767893859362,1.15274555003566
"263",-0.982596089804501,-0.297461373716056,-0.380936025966662,-1.42750374823608,0.598992217271692,-0.143990473125965,0.964383861273123,-0.33291640592397,0.794400043159256,-0.584316844269138,1.00375551088307,-0.119660549704636
"264",-0.439614258107484,-0.519712589440403,-0.548977028259387,-0.698255345561197,-0.212611077362103,0.495967185211658,0.964383861273123,-0.33291640592397,-1.2556645843485,-0.584316844269138,-0.993767893859362,-0.841778199471776
"265",-0.488586753352771,0.16090468132558,0.161965673748296,-1.42750374823608,-0.0386960856548611,-1.1039269606324,-1.03433916727221,-0.33291640592397,0.794400043159256,-0.584316844269138,1.00375551088307,0.284899338417918
"266",-0.122967069847114,0.120180287021313,0.155502558275499,0.0309930571136823,-0.560441060776586,-0.143990473125965,0.964383861273123,-0.33291640592397,0.794400043159256,-0.584316844269138,-0.993767893859362,0.0630439158990981
"267",1.23739578330194,0.0937527545472682,0.0327033642923534,0.760241459788561,1.75842549531997,0.815946014380469,0.964383861273123,-0.33291640592397,0.794400043159256,-0.584316844269138,1.00375551088307,-1.09843447258178
"268",-0.442082744252525,0.475435641590445,0.504510793806543,0.0309930571136823,-1.54595934711762,0.495967185211658,0.964383861273123,-0.33291640592397,0.794400043159256,1.70712176070787,-0.993767893859362,0.91783980854514
"269",-0.545645668728363,-1.46720461437051,-1.37625580877742,0.760241459788561,1.52653883971031,-0.463969302294776,-1.03433916727221,-0.33291640592397,-1.2556645843485,-0.584316844269138,1.00375551088307,-1.13106027001102
"270",-0.174890399104863,0.359327793999558,0.355859137932209,0.760241459788561,-0.444497732971758,1.45590367271809,0.964383861273123,-0.33291640592397,0.794400043159256,-0.584316844269138,1.00375551088307,0.548080771013773
"271",-0.832841263672043,-0.715103034453425,-0.891522148317634,-1.42750374823608,-0.966242708093483,-0.143990473125965,-1.03433916727221,-0.33291640592397,-1.2556645843485,-0.584316844269138,1.00375551088307,-0.835253039985928
"272",-0.00683472741434578,0.0564942661412373,-0.0513171368540091,-1.42750374823608,-1.48798768321521,-1.1039269606324,0.964383861273123,-0.33291640592397,-1.2556645843485,-0.584316844269138,1.00375551088307,-0.182737091401163
"273",-0.420093356178888,-0.452993900899371,-0.361546679548271,-0.698255345561197,-1.77784600272728,0.495967185211658,0.964383861273123,2.99624765331573,-1.2556645843485,1.70712176070787,-0.993767893859362,0.452378431888008
"274",-0.807730801162148,-0.0128238518234712,-0.0125384440172264,2.21873826513832,-0.444497732971758,0.175988356042846,-1.03433916727221,2.99624765331573,-1.2556645843485,1.70712176070787,-0.993767893859362,1.59863144823524
"275",-0.416206199835548,0.491032218132504,0.543289486643325,1.48948986246344,1.4685671758079,-1.42390578980121,0.964383861273123,-0.33291640592397,-1.2556645843485,-0.584316844269138,-0.993767893859362,0.97221613759387
"276",3.35118600536371,1.73139329146351,1.81652323478436,0.0309930571136823,-0.32855440516693,0.175988356042846,-1.03433916727221,-0.33291640592397,0.794400043159256,-0.584316844269138,1.00375551088307,0.0195428526601137
"277",-0.627417818958326,-0.545706883677168,-0.632997529405749,-0.698255345561197,-0.32855440516693,0.495967185211658,0.964383861273123,-0.33291640592397,-1.2556645843485,-0.584316844269138,1.00375551088307,-0.676474159163636
"278",-0.104609477481123,0.114548189936681,-0.0125384440172264,-0.698255345561197,-0.32855440516693,-0.463969302294776,-1.03433916727221,-0.33291640592397,0.794400043159256,-0.584316844269138,1.00375551088307,0.0238929589840122
"279",2.34991695280813,0.973226376224508,1.0538756089943,-0.698255345561197,1.29465218410066,-0.783948131463587,0.964383861273123,-0.33291640592397,0.794400043159256,-0.584316844269138,1.00375551088307,-0.587296979523718
"280",0.258201239031901,-0.724634275673572,-0.691165568660923,0.0309930571136823,0.193190569954794,-1.74388461897002,0.964383861273123,2.99624765331573,-1.2556645843485,-0.584316844269138,1.00375551088307,-0.545970969446683
"281",0.232154454191129,0.252751187628818,0.142576327329904,0.0309930571136823,-1.19812936370314,-0.463969302294776,0.964383861273123,-0.33291640592397,-1.2556645843485,-0.584316844269138,-0.993767893859362,0.0456434906035043
"282",-0.257542124857771,-1.24928578101896,-1.11126807439274,0.0309930571136823,-1.31407269150797,-0.143990473125965,0.964383861273123,-0.33291640592397,-1.2556645843485,-0.584316844269138,-0.993767893859362,-1.13106027001102
"283",0.519662156578435,1.45758672550291,1.46105188378052,-0.698255345561197,-0.32855440516693,1.13592484354928,0.964383861273123,-0.33291640592397,0.794400043159256,-0.584316844269138,1.00375551088307,1.69215873419906
"284",0.133585248813304,0.719348769178763,0.840592798391993,0.0309930571136823,1.12073719239342,1.13592484354928,0.964383861273123,-0.33291640592397,0.794400043159256,-0.584316844269138,1.00375551088307,0.804737044123781
"285",-0.865612545252753,-1.16480432474947,-1.21467792195749,-0.698255345561197,0.656963881174105,-2.38384227730764,-1.03433916727221,-0.33291640592397,0.794400043159256,-0.584316844269138,1.00375551088307,-1.13106027001102
"286",-0.74485533797353,-1.34719762264411,-1.28577219215826,-0.698255345561197,-0.850299380288655,-0.783948131463587,0.964383861273123,-0.33291640592397,0.794400043159256,1.70712176070787,-0.993767893859362,-1.13106027001102
"287",-0.77127097706586,-1.37925725220279,-1.37625580877742,-0.698255345561197,-0.444497732971758,0.495967185211658,0.964383861273123,-0.33291640592397,-1.2556645843485,-0.584316844269138,1.00375551088307,-1.13106027001102
"288",0.432130205343377,-0.709470937368792,-0.536050797313793,0.760241459788561,0.772907208978933,-1.74388461897002,-1.03433916727221,-0.33291640592397,0.794400043159256,-0.584316844269138,1.00375551088307,-1.13106027001102
"289",-0.808865737320787,0.233255466951244,0.207207482057876,0.0309930571136823,-0.792327716386242,0.815946014380469,0.964383861273123,-0.33291640592397,0.794400043159256,1.70712176070787,-0.993767893859362,0.746010608751152
"290",-0.975105511157481,-0.358981203409735,-0.380936025966662,-0.698255345561197,-1.48798768321521,-1.42390578980121,-1.03433916727221,-0.33291640592397,-1.2556645843485,-0.584316844269138,1.00375551088307,-0.0761594864656518
"291",-0.534807028413357,-0.650117298861511,-0.561903259204981,1.48948986246344,1.29465218410066,-0.783948131463587,-1.03433916727221,-0.33291640592397,0.794400043159256,1.70712176070787,-0.993767893859362,-0.785226817261096
"292",-0.599555136263731,-0.463824856831356,-0.439104065221836,0.760241459788561,0.0192755782475528,-0.143990473125965,0.964383861273123,-0.33291640592397,0.794400043159256,-0.584316844269138,1.00375551088307,-0.458968842968714
"293",0.179124562178707,0.156139060715506,0.161965673748296,-0.698255345561197,-1.43001601931279,0.495967185211658,-1.03433916727221,-0.33291640592397,0.794400043159256,-0.584316844269138,1.00375551088307,-0.0848596991134487
"294",2.70832979170643,2.80062526106914,2.98634713536063,2.9479866678132,-0.560441060776586,-1.42390578980121,-1.03433916727221,-0.33291640592397,0.794400043159256,-0.584316844269138,-0.993767893859362,2.51650388257781
"295",-0.0653690597961688,-0.954683779668949,-0.969079533991199,0.760241459788561,-0.792327716386242,-0.143990473125965,-1.03433916727221,-0.33291640592397,0.794400043159256,1.70712176070787,-0.993767893859362,-1.13106027001102
"296",-0.509214218036041,-1.44987508487934,-1.33101400046784,1.48948986246344,0.656963881174105,-1.1039269606324,0.964383861273123,-0.33291640592397,0.794400043159256,-0.584316844269138,1.00375551088307,-1.13106027001102
"297",0.586680136746086,0.175201543155801,0.0973345190203246,-1.42750374823608,-0.386526069069344,1.13592484354928,0.964383861273123,-0.33291640592397,0.794400043159256,-0.584316844269138,1.00375551088307,-0.493769693559901
"298",0.279055690946899,-0.153626278939285,-0.219358139146734,0.0309930571136823,1.062765528491,1.13592484354928,-1.03433916727221,-0.33291640592397,0.794400043159256,1.70712176070787,-0.993767893859362,-0.722150275564569
"299",-0.693102249139577,-0.894030426449829,-0.975542649463996,-1.42750374823608,0.830878872881347,1.45590367271809,0.964383861273123,-0.33291640592397,-1.2556645843485,-0.584316844269138,-0.993767893859362,-1.13106027001102
"300",-0.575976837567999,0.136643340037932,0.110260749965919,0.0309930571136823,1.17870885629583,-0.783948131463587,0.964383861273123,-0.33291640592397,0.794400043159256,-0.584316844269138,-0.993767893859362,0.415402528134871
"301",-0.664870712193423,-0.0448834813821489,0.000387786928367842,-1.42750374823608,-0.32855440516693,1.13592484354928,-1.03433916727221,-0.33291640592397,0.794400043159256,-0.584316844269138,1.00375551088307,0.130470563919524
"302",-0.393933077722252,-0.524044971813197,-0.426177834276242,0.0309930571136823,-1.0242143719959,-2.06386344813883,0.964383861273123,-0.33291640592397,-1.2556645843485,-0.584316844269138,1.00375551088307,-0.756951126155757
"303",0.415276403387583,0.0989516133946213,0.065018941656339,-1.42750374823608,-0.560441060776586,-0.143990473125965,0.964383861273123,-0.33291640592397,0.794400043159256,-0.584316844269138,1.00375551088307,-0.489419587236003
"304",-0.0328531388511522,0.101551042818298,-0.0190015594900235,-1.42750374823608,1.35262384800307,-0.783948131463587,-1.03433916727221,-0.33291640592397,0.794400043159256,-0.584316844269138,-0.993767893859362,-0.230588260964046
"305",1.06363705741426,1.20024321255893,1.17021168750465,-0.698255345561197,0.483048889466864,-0.143990473125965,0.964383861273123,-0.33291640592397,0.794400043159256,1.70712176070787,-0.993767893859362,0.837362841553019
"306",-0.589000229988385,-1.21809262793484,-1.22760415290308,-0.698255345561197,-0.32855440516693,0.175988356042846,0.964383861273123,-0.33291640592397,0.794400043159256,1.70712176070787,-0.993767893859362,-1.13106027001102
"307",-0.00280570405117631,-0.421800747815252,-0.439104065221836,0.0309930571136823,1.41059551190549,-1.74388461897002,-1.03433916727221,-0.33291640592397,0.794400043159256,-0.584316844269138,1.00375551088307,-0.978806548674577
"308",0.856511208462585,-0.373278065239956,-0.368009795021068,0.0309930571136823,-0.850299380288655,0.175988356042846,0.964383861273123,-0.33291640592397,0.794400043159256,1.70712176070787,-0.993767893859362,-1.13106027001102
"309",-0.858661061281087,-0.0414175754839135,-0.148263868945966,-0.698255345561197,-1.31407269150797,-2.38384227730764,-1.03433916727221,-0.33291640592397,-1.2556645843485,1.70712176070787,-0.993767893859362,0.350150933276395
"310",0.852283571271653,0.985357046868332,0.898760837647167,0.0309930571136823,-1.25610102760555,1.45590367271809,0.964383861273123,-0.33291640592397,0.794400043159256,-0.584316844269138,1.00375551088307,0.793861778314035
"311",-0.327000217766498,0.067325222073223,0.0908714035475274,-1.42750374823608,-0.212611077362103,0.815946014380469,-1.03433916727221,2.99624765331573,-1.2556645843485,-0.584316844269138,-0.993767893859362,1.12229480576837
"312",-0.619785373291476,0.300407393729556,0.26537552131305,0.0309930571136823,0.0772472421499667,0.495967185211658,0.964383861273123,-0.33291640592397,0.794400043159256,-0.584316844269138,1.00375551088307,0.704684598674117
"313",-0.493523725642852,0.212893269799111,0.200744366585078,2.21873826513832,0.42507722556445,-0.783948131463587,-1.03433916727221,-0.33291640592397,0.794400043159256,-0.584316844269138,1.00375551088307,0.659008482273183
"314",1.33829160780498,1.27779285703195,1.15728545655905,-0.698255345561197,1.12073719239342,1.45590367271809,0.964383861273123,-0.33291640592397,0.794400043159256,1.70712176070787,-0.993767893859362,0.702509545512168
"315",1.99468193515403,1.9653419395944,1.9457855442403,-0.698255345561197,0.772907208978933,0.175988356042846,-1.03433916727221,-0.33291640592397,-1.2556645843485,-0.584316844269138,-0.993767893859362,1.34850033461108
"316",-0.872195174972861,-0.358981203409735,-0.380936025966662,0.0309930571136823,-0.734356052483828,0.815946014380469,-1.03433916727221,-0.33291640592397,0.794400043159256,-0.584316844269138,1.00375551088307,-0.124010656028535
"317",0.197482154544698,1.11359556510304,1.07972807088549,-0.698255345561197,0.0772472421499667,0.175988356042846,-1.03433916727221,-0.33291640592397,-1.2556645843485,1.70712176070787,-0.993767893859362,1.35285044093498
"318",0.659486291322799,-0.0102244223997947,-0.0965589451635889,-0.698255345561197,0.888850536783761,0.815946014380469,-1.03433916727221,-0.33291640592397,0.794400043159256,-0.584316844269138,1.00375551088307,-0.835253039985928
"319",-0.745309312436985,-1.40828421410051,-1.46027630992378,0.0309930571136823,1.52653883971031,-0.143990473125965,0.964383861273123,-0.33291640592397,-1.2556645843485,-0.584316844269138,1.00375551088307,-1.13106027001102
"320",-0.500191475574858,-0.93128891485586,-0.813964762644069,1.48948986246344,-0.096667749557275,0.815946014380469,-1.03433916727221,-0.33291640592397,0.794400043159256,-0.584316844269138,-0.993767893859362,-1.13106027001102
"321",-0.821123047834092,-1.54908664121632,-1.47966565634217,0.0309930571136823,1.29465218410066,-0.143990473125965,-1.03433916727221,2.99624765331573,0.794400043159256,-0.584316844269138,-0.993767893859362,-1.12018500420128
"322",-0.571465466337407,-0.710337413843351,-0.768722954334489,-0.698255345561197,-1.66190267492245,0.495967185211658,0.964383861273123,-0.33291640592397,0.794400043159256,-0.584316844269138,1.00375551088307,-0.954880963893135
"323",-0.510434274406578,-0.542240977778933,-0.471419642585822,2.21873826513832,-0.270582741264517,-0.783948131463587,-1.03433916727221,-0.33291640592397,-1.2556645843485,-0.584316844269138,1.00375551088307,-0.554671182094479
"324",3.90160166889981,3.97600059880823,4.05276118837216,0.760241459788561,2.45408546214894,1.13592484354928,-1.03433916727221,-0.33291640592397,0.794400043159256,-0.584316844269138,1.00375551088307,3.21687100072546
"325",-0.402615339335843,-0.811281923129458,-0.852743455480851,-0.698255345561197,0.598992217271692,1.13592484354928,-1.03433916727221,2.99624765331573,0.794400043159256,1.70712176070787,-0.993767893859362,-0.228413207802097
"326",-0.778960169540641,0.1457413430208,0.0585558261835419,-1.42750374823608,0.598992217271692,-0.463969302294776,0.964383861273123,-0.33291640592397,0.794400043159256,-0.584316844269138,1.00375551088307,0.461078644535805
"327",2.27728103865522,2.38038417090809,2.36588804997211,0.0309930571136823,1.52653883971031,0.815946014380469,-1.03433916727221,-0.33291640592397,0.794400043159256,-0.584316844269138,1.00375551088307,1.82918708340186
"328",0.111993088395191,0.834590140295091,0.989244454266326,0.0309930571136823,0.714935545076519,0.175988356042846,0.964383861273123,-0.33291640592397,-1.2556645843485,1.70712176070787,-0.993767893859362,1.00919204134701
"329",-0.114256434829557,-0.460358950933121,-0.374472910493865,0.0309930571136823,-0.096667749557275,0.815946014380469,0.964383861273123,-0.33291640592397,0.794400043159256,-0.584316844269138,1.00375551088307,-0.867878837415167
"330",1.38956234877151,1.23056988916849,1.11204364824947,-0.698255345561197,-0.676384388581414,0.815946014380469,0.964383861273123,-0.33291640592397,0.794400043159256,-0.584316844269138,1.00375551088307,0.709034704998015
"331",-0.704054383070446,-0.0834416845000181,-0.167653215364357,-0.698255345561197,0.946822200686175,1.13592484354928,-1.03433916727221,2.99624765331573,-1.2556645843485,1.70712176070787,-0.993767893859362,1.16144576268345
"332",-0.926047895700297,-0.329087765037454,-0.413251603330647,-0.698255345561197,-0.444497732971758,0.815946014380469,-1.03433916727221,-0.33291640592397,0.794400043159256,-0.584316844269138,1.00375551088307,-0.100085071247093
"333",0.485443831395459,0.21332650803639,0.142576327329904,0.0309930571136823,1.58451050361273,0.495967185211658,-1.03433916727221,-0.33291640592397,-1.2556645843485,-0.584316844269138,1.00375551088307,-0.30454006847032
"334",-0.68686010026706,-0.577766513235846,-0.607145067514561,-0.698255345561197,0.714935545076519,1.13592484354928,-1.03433916727221,-0.33291640592397,0.794400043159256,-0.584316844269138,-0.993767893859362,-0.735200594536264
"335",-0.595526112900561,0.00883806004050018,-0.0254646749628206,-0.698255345561197,0.483048889466864,0.495967185211658,0.964383861273123,-0.33291640592397,0.794400043159256,-0.584316844269138,1.00375551088307,0.160921308186813
"336",-0.593142746967418,-0.57473384557489,-0.548977028259387,-0.698255345561197,-1.89378933053211,-2.06386344813883,0.964383861273123,-0.33291640592397,0.794400043159256,-0.584316844269138,1.00375551088307,-0.709099956592874
"337",-0.350777130289992,0.497530791691696,0.536826371170528,0.760241459788561,0.714935545076519,-0.143990473125965,-1.03433916727221,-0.33291640592397,-1.2556645843485,-0.584316844269138,1.00375551088307,0.883038957953953
"338",-0.930786254162616,-1.68122430358655,-1.52490746465175,0.0309930571136823,-1.37204435541038,-0.463969302294776,-1.03433916727221,-0.33291640592397,0.794400043159256,-0.584316844269138,-0.993767893859362,-1.13106027001102
"339",-0.109347835943442,0.245819375832348,0.142576327329904,-1.42750374823608,-0.618412724679,0.175988356042846,-1.03433916727221,-0.33291640592397,-1.2556645843485,-0.584316844269138,1.00375551088307,0.187021946130203
"340",2.95358949558839,2.4011796062975,2.27540443335295,-1.42750374823608,1.41059551190549,0.815946014380469,-1.03433916727221,-0.33291640592397,-1.2556645843485,-0.584316844269138,-0.993767893859362,1.27672358026676
"341",-0.494403301165798,-0.402305027137677,-0.348620448602676,0.760241459788561,-1.19812936370314,-1.74388461897002,0.964383861273123,-0.33291640592397,0.794400043159256,-0.584316844269138,-0.993767893859362,-0.435043258187272
"342",-0.90752006291051,-0.352482629850543,-0.361546679548271,-0.698255345561197,1.23668052019824,1.13592484354928,0.964383861273123,-0.33291640592397,0.794400043159256,-0.584316844269138,1.00375551088307,-0.204487623020656
"343",-0.868903860112807,-0.771424005299751,-0.613608182987358,1.48948986246344,-1.08218603589831,-1.42390578980121,-1.03433916727221,-0.33291640592397,0.794400043159256,-0.584316844269138,-0.993767893859362,-0.687349424973382
"344",-0.978425199421502,-0.428732559611723,-0.484345873531416,-0.698255345561197,-0.676384388581414,1.13592484354928,0.964383861273123,-0.33291640592397,0.794400043159256,-0.584316844269138,1.00375551088307,-0.239288473611843
"345",0.0850951014354392,0.200762599155287,0.297691098677035,2.9479866678132,-0.966242708093483,-1.1039269606324,-1.03433916727221,-0.33291640592397,0.794400043159256,1.70712176070787,-0.993767893859362,0.245748381502832
"346",-0.431471091169247,-1.39702001993125,-1.4085713861414,-0.698255345561197,-1.31407269150797,1.13592484354928,-1.03433916727221,-0.33291640592397,0.794400043159256,-0.584316844269138,1.00375551088307,-1.13106027001102
"347",-0.671538462125429,0.279178720102864,0.42049029266018,1.48948986246344,-0.270582741264517,1.45590367271809,-1.03433916727221,-0.33291640592397,0.794400043159256,1.70712176070787,-0.993767893859362,0.841712947876918
"348",3.26328519987709,2.60480157781884,2.57917086057442,-0.698255345561197,0.772907208978933,1.13592484354928,-1.03433916727221,-0.33291640592397,-1.2556645843485,-0.584316844269138,1.00375551088307,1.46160309903244
"349",-0.901873755521279,-1.56035083538559,-1.57014927296133,0.0309930571136823,0.830878872881347,0.175988356042846,-1.03433916727221,-0.33291640592397,0.794400043159256,-0.584316844269138,1.00375551088307,-1.13106027001102
"350",0.0952811534592269,0.177367734342198,0.22013371300347,0.0309930571136823,0.888850536783761,-0.143990473125965,0.964383861273123,-0.33291640592397,0.794400043159256,1.70712176070787,-0.993767893859362,-0.0370085295505659
"351",-0.431754825208907,-1.37535810806727,-1.29223530763106,0.760241459788561,0.830878872881347,-0.143990473125965,0.964383861273123,-0.33291640592397,0.794400043159256,-0.584316844269138,1.00375551088307,-1.13106027001102
"352",0.465355461387543,0.175201543155801,0.123186980911513,-1.42750374823608,0.888850536783761,-1.42390578980121,-1.03433916727221,-0.33291640592397,0.794400043159256,-0.584316844269138,1.00375551088307,-0.474194215102358
"353",1.68152467558147,1.04167801771466,0.982781338793529,-0.698255345561197,-0.850299380288655,0.175988356042846,-1.03433916727221,-0.33291640592397,0.794400043159256,-0.584316844269138,-0.993767893859362,0.136995723405371
"354",-0.0950760137485529,-0.00849146945067696,-0.0836327142179946,-0.698255345561197,-0.502469396874172,1.45590367271809,-1.03433916727221,-0.33291640592397,-1.2556645843485,-0.584316844269138,1.00375551088307,-0.206662676182605
"355",-0.940603451934846,-0.373711303477235,-0.40678848785785,-1.42750374823608,-0.676384388581414,1.45590367271809,0.964383861273123,-0.33291640592397,0.794400043159256,1.70712176070787,-0.993767893859362,-0.232763314125995
"356",3.84354968438541,3.13248575082518,3.08329386745259,-0.698255345561197,0.135218906052381,-1.74388461897002,0.964383861273123,-0.33291640592397,0.794400043159256,-0.584316844269138,-0.993767893859362,1.92488942252763
"357",-0.304698722249235,0.586777868571258,0.562678833061717,0.0309930571136823,-1.14015769980072,0.175988356042846,-1.03433916727221,-0.33291640592397,-1.2556645843485,-0.584316844269138,1.00375551088307,0.961340871784124
"358",-0.159171533307708,-0.951651112007993,-1.07895249702875,-1.42750374823608,-0.908271044191069,0.175988356042846,-1.03433916727221,-0.33291640592397,0.794400043159256,1.70712176070787,-0.993767893859362,-1.13106027001102
"359",-0.428662124176615,-0.17312199961686,-0.103022060636386,-1.42750374823608,1.4685671758079,1.45590367271809,-1.03433916727221,-0.33291640592397,0.794400043159256,-0.584316844269138,1.00375551088307,-0.376316822814644
"360",-0.933027753075929,-0.114634837584137,-0.0707064832724004,0.0309930571136823,1.35262384800307,-0.463969302294776,-1.03433916727221,-0.33291640592397,0.794400043159256,-0.584316844269138,-0.993767893859362,0.197897211939949
"361",0.236836065845516,0.500563459352652,0.51097390927934,0.760241459788561,1.52653883971031,-1.1039269606324,0.964383861273123,-0.33291640592397,-1.2556645843485,-0.584316844269138,1.00375551088307,0.41757758129682
"362",0.226933747861388,0.0898536104117533,0.0456295952379476,-0.698255345561197,-0.560441060776586,0.815946014380469,0.964383861273123,-0.33291640592397,0.794400043159256,1.70712176070787,-0.993767893859362,-0.300189962146421
"363",-0.540708696438282,0.158305251901903,0.17489190469389,0.0309930571136823,0.367105561662036,1.7758825018869,0.964383861273123,-0.33291640592397,-1.2556645843485,-0.584316844269138,-0.993767893859362,0.413227474972922
"364",0.537792761712698,0.602807683350597,0.504510793806543,-1.42750374823608,1.41059551190549,-1.1039269606324,-1.03433916727221,-0.33291640592397,0.794400043159256,-0.584316844269138,1.00375551088307,0.126120457595625
"365",2.36776382390274,2.20448944657264,2.13321589295142,0.0309930571136823,0.656963881174105,0.815946014380469,-1.03433916727221,-0.33291640592397,0.794400043159256,1.70712176070787,-0.993767893859362,1.57253081029185
"366",1.94508522502149,0.739277728093617,0.866445260283181,0.760241459788561,0.772907208978933,0.495967185211658,-1.03433916727221,2.99624765331573,0.794400043159256,-0.584316844269138,1.00375551088307,0.587231727928859
"367",0.449721715802287,1.35837516916592,1.35117892074296,0.0309930571136823,0.0192755782475528,0.175988356042846,-1.03433916727221,-0.33291640592397,0.794400043159256,-0.584316844269138,1.00375551088307,1.61820692669279
"368",-0.607925290433696,-0.485486768695328,-0.594218836568967,-0.698255345561197,0.830878872881347,0.175988356042846,-1.03433916727221,-0.33291640592397,-1.2556645843485,-0.584316844269138,-0.993767893859362,-0.661248787029991
"369",1.24221926197616,0.443376012031767,0.549752602116123,0.0309930571136823,-1.08218603589831,-2.38384227730764,0.964383861273123,-0.33291640592397,-1.2556645843485,-0.584316844269138,1.00375551088307,-0.380666929138542
"370",0.750848652093264,1.42639357241879,1.57738796229086,0.0309930571136823,0.0772472421499667,0.815946014380469,-1.03433916727221,-0.33291640592397,0.794400043159256,-0.584316844269138,1.00375551088307,1.49640394962363
"371",-0.272636775767675,0.606273589248832,0.717793604408848,0.760241459788561,-0.908271044191069,-0.463969302294776,-1.03433916727221,-0.33291640592397,-1.2556645843485,-0.584316844269138,1.00375551088307,1.0265924666426
"372",-0.173159621462938,-1.12018078630969,-1.17589922912071,0.760241459788561,1.12073719239342,0.495967185211658,-1.03433916727221,-0.33291640592397,-1.2556645843485,-0.584316844269138,1.00375551088307,-1.13106027001102
"373",-0.721731013741253,-0.413135983069663,-0.400325372385053,-0.698255345561197,-0.560441060776586,0.815946014380469,0.964383861273123,2.99624765331573,-1.2556645843485,-0.584316844269138,1.00375551088307,0.69598438602632
"374",0.289213369566721,0.267914525933598,0.181355020166687,-0.698255345561197,-1.08218603589831,0.815946014380469,0.964383861273123,2.99624765331573,0.794400043159256,-0.584316844269138,1.00375551088307,1.05051805142404
"375",-0.448835614396429,0.0452300719719722,0.0844082880747303,0.0309930571136823,1.17870885629583,1.45590367271809,0.964383861273123,-0.33291640592397,0.794400043159256,-0.584316844269138,1.00375551088307,0.147870989215118
"376",-0.687909916213802,0.406117523625736,0.3752484843506,1.48948986246344,-0.676384388581414,0.815946014380469,0.964383861273123,-0.33291640592397,0.794400043159256,-0.584316844269138,1.00375551088307,1.04399289193819
"377",1.20320583152293,1.0533754501212,1.03448626257591,-0.698255345561197,-0.560441060776586,-1.1039269606324,0.964383861273123,-0.33291640592397,-1.2556645843485,-0.584316844269138,-0.993767893859362,0.537205505204027
"378",-0.484472609777704,-1.3727586786436,-1.37625580877742,0.0309930571136823,-0.270582741264517,-1.1039269606324,-1.03433916727221,-0.33291640592397,0.794400043159256,-0.584316844269138,1.00375551088307,-1.13106027001102
"379",-0.734016697658524,0.0889871339371945,0.0714820571291361,-1.42750374823608,-1.31407269150797,1.7758825018869,-1.03433916727221,-0.33291640592397,0.794400043159256,-0.584316844269138,1.00375551088307,0.428452847106566
"380",0.229515727622292,-0.812581637841296,-0.910911494736025,-1.42750374823608,1.64248216751514,-1.1039269606324,-1.03433916727221,-0.33291640592397,0.794400043159256,-0.584316844269138,1.00375551088307,-1.13106027001102
"381",1.98341769377953,1.3102857248279,1.18313791845024,0.0309930571136823,1.58451050361273,0.175988356042846,0.964383861273123,-0.33291640592397,-1.2556645843485,-0.584316844269138,-0.993767893859362,0.30664987003741
"382",1.60505835189315,1.42682681065607,1.41581007547094,-0.698255345561197,1.64248216751514,-0.783948131463587,-1.03433916727221,-0.33291640592397,0.794400043159256,-0.584316844269138,1.00375551088307,0.715559864483863
"383",-0.578672310944767,0.329001117389998,0.349396022459412,-1.42750374823608,-1.31407269150797,-1.42390578980121,-1.03433916727221,2.99624765331573,-1.2556645843485,-0.584316844269138,1.00375551088307,1.80961160494432
"384",-0.8775010015145,-0.633221007607613,-0.471419642585822,4.40648347316296,0.483048889466864,-1.42390578980121,-1.03433916727221,-0.33291640592397,0.794400043159256,-0.584316844269138,1.00375551088307,-0.300189962146421
"385",-0.713048752127662,-1.24148749274793,-1.13065742081113,0.0309930571136823,1.17870885629583,0.815946014380469,-1.03433916727221,-0.33291640592397,-1.2556645843485,-0.584316844269138,-0.993767893859362,-1.13106027001102
"386",-0.533955826294378,0.391820661795515,0.278301752258644,0.0309930571136823,0.135218906052381,0.495967185211658,0.964383861273123,-0.33291640592397,-1.2556645843485,1.70712176070787,-0.993767893859362,0.837362841553019
"387",-0.736740544439258,-0.456026568560327,-0.439104065221836,0.760241459788561,0.0772472421499667,-1.1039269606324,-1.03433916727221,-0.33291640592397,-1.2556645843485,-0.584316844269138,-0.993767893859362,-0.324115546927862
"388",-0.814029696842596,-1.46373870847228,-1.47966565634217,0.0309930571136823,0.367105561662036,-1.42390578980121,-1.03433916727221,-0.33291640592397,-1.2556645843485,1.70712176070787,-0.993767893859362,-1.13106027001102
"389",-0.208285895572825,0.906074449446197,0.821203451973601,-0.698255345561197,1.41059551190549,-0.143990473125965,0.964383861273123,-0.33291640592397,-1.2556645843485,-0.584316844269138,1.00375551088307,1.32457474982964
"390",1.09887682514001,1.02434848822348,0.956928876902341,-0.698255345561197,-0.676384388581414,1.45590367271809,-1.03433916727221,-0.33291640592397,-1.2556645843485,-0.584316844269138,1.00375551088307,0.622032578520047
"391",2.55074390607936,2.53115107748133,2.53392905226484,0.0309930571136823,1.4685671758079,0.495967185211658,0.964383861273123,-0.33291640592397,0.794400043159256,1.70712176070787,-0.993767893859362,1.89878878458424
"392",0.797522901617306,0.788233648906192,0.75657229724563,-0.698255345561197,-0.734356052483828,0.495967185211658,0.964383861273123,-0.33291640592397,-1.2556645843485,-0.584316844269138,1.00375551088307,0.437153059754363
"393",-0.546042896383887,-1.05172914481954,-1.02724757324637,-0.698255345561197,-1.83581766662969,-1.1039269606324,-1.03433916727221,-0.33291640592397,-1.2556645843485,1.70712176070787,-0.993767893859362,-1.13106027001102
"394",-0.791699827921367,-1.47326994969242,-1.40210827066861,-0.698255345561197,0.541020553369278,-0.143990473125965,-1.03433916727221,-0.33291640592397,-1.2556645843485,-0.584316844269138,-0.993767893859362,-1.13106027001102
"395",0.129811586085828,0.442942773794488,0.355859137932209,0.760241459788561,-0.908271044191069,-1.74388461897002,-1.03433916727221,-0.33291640592397,-1.2556645843485,-0.584316844269138,1.00375551088307,0.465428750859703
"396",-0.939808996623798,-0.275366223614805,-0.309841755765894,0.0309930571136823,-1.37204435541038,-0.143990473125965,-1.03433916727221,-0.33291640592397,0.794400043159256,-0.584316844269138,1.00375551088307,0.0869695006805394
"397",-0.903831520394932,-0.388874641782015,-0.380936025966662,1.48948986246344,0.541020553369278,1.13592484354928,-1.03433916727221,-0.33291640592397,-1.2556645843485,-0.584316844269138,-0.993767893859362,-0.0870347522753979
"398",0.359011943323039,-0.244606308767965,-0.219358139146734,1.48948986246344,0.656963881174105,-0.463969302294776,0.964383861273123,-0.33291640592397,0.794400043159256,-0.584316844269138,1.00375551088307,-0.83090293366203
"399",-0.212541906167722,-0.957716447329905,-1.05310003513756,-1.42750374823608,-0.676384388581414,-0.143990473125965,-1.03433916727221,-0.33291640592397,0.794400043159256,-0.584316844269138,1.00375551088307,-1.13106027001102
"400",-0.752402663428481,0.341565026271101,0.388174715296195,1.48948986246344,0.483048889466864,-2.06386344813883,0.964383861273123,-0.33291640592397,-1.2556645843485,1.70712176070787,-0.993767893859362,0.970041084431921
